Date_Key;Animal_Key;Activity_Type_Key;Quantity_Consumed_Kg;Quantity_Prey_Units;Success_Flag;Prey_Species_Hunted;Location_Key
20251214;201;1;0.61;0;1;Vole;7
20251214;202;3;10.25;4;1;Alpine Grass;7
20251214;203;3;6.45;1;0;Berries;7
20251214;204;1;2.28;2;0;Hare;7
20251214;205;2;0.26;4;1;Beetle;7
20251214;206;3;0.31;0;1;Roots;7
20251214;207;3;7.86;0;1;Alpine Grass;7
20251214;208;4;0.92;4;1;Marmot;7
20251214;209;2;6.04;1;1;Roe Deer Fawn;7
20251215;201;1;1.48;4;1;Mouse;1
20251215;202;3;7.98;0;0;Moss;1
20251215;203;3;5.57;0;0;Acorns;1
20251215;204;1;2.16;3;0;Roe Deer Fawn;1
20251215;205;2;1.29;3;0;Rabbit;1
20251215;206;3;1.09;3;0;Alpine Grass;1
20251215;207;3;6.29;1;0;Moss;1
20251215;208;4;0.16;2;0;Grouse;1
20251215;209;2;15.98;3;1;Berries;1
20251216;201;1;0.33;0;0;Hare;9
20251216;202;3;5.69;5;1;Lichen;9
20251216;203;3;3.94;3;0;Grass;9
20251216;204;1;1.57;2;1;Hare;9
20251216;205;2;0.92;1;1;Rabbit;9
20251216;206;3;1.13;0;1;Roots;9
20251216;207;3;6;4;0;Alpine Grass;9
20251216;208;4;0.51;1;1;Marmot;9
20251216;209;2;8.37;1;1;Honey;9
20251217;201;1;1.99;4;1;Mouse;10
20251217;202;3;16.04;5;1;Alpine Grass;10
20251217;203;3;3.75;5;0;Grass;10
20251217;204;1;2.06;0;0;Hare;10
20251217;205;2;0.96;0;1;Earthworm;10
20251217;206;3;0.25;1;0;Seeds;10
20251217;207;3;10.43;0;0;Herbs;10
20251217;208;4;0.91;1;1;Fish;10
20251217;209;2;11.99;3;1;Roots;10
20251218;201;1;0.95;1;0;Mouse;2
20251218;202;3;23.67;5;1;Alpine Grass;2
20251218;203;3;7.24;1;0;Berries;2
20251218;204;1;3.22;4;0;Hare;2
20251218;205;2;0.9;5;1;Beetle;2
20251218;206;3;1.45;2;1;Roots;2
20251218;207;3;10.29;0;0;Alpine Grass;2
20251218;208;4;0.26;5;1;Ptarmigan;2
20251218;209;2;19.77;2;0;Roe Deer Fawn;2
20251219;201;1;2.26;1;0;Rabbit;10
20251219;202;3;17.32;5;1;Moss;10
20251219;203;3;3.32;2;1;Mushroom;10
20251219;204;1;1.99;5;1;Roe Deer Fawn;10
20251219;205;2;0.7;1;1;Berries;10
20251219;206;3;0.21;2;1;Roots;10
20251219;207;3;10.01;5;1;Lichen;10
20251219;208;4;0.9;5;0;Ptarmigan;10
20251219;209;2;10.28;3;1;Roots;10
20251220;201;1;2.07;2;1;Hare;2
20251220;202;3;9.01;3;1;Lichen;2
20251220;203;3;2.79;5;0;Clover;2
20251220;204;1;1.86;1;0;Chamois Kid;2
20251220;205;2;0.69;5;1;Beetle;2
20251220;206;3;0.74;4;1;Roots;2
20251220;207;3;6.2;5;0;Alpine Grass;2
20251220;208;4;0.94;3;1;Hare;2
20251220;209;2;28.9;0;1;Roe Deer Fawn;2
20251221;201;1;2.32;5;1;Vole;4
20251221;202;3;10.97;3;0;Bark;4
20251221;203;3;4.17;4;1;Mushroom;4
20251221;204;1;2.18;5;1;Roe Deer Fawn;4
20251221;205;2;0.81;3;0;Berries;4
20251221;206;3;0.83;2;0;Clover;4
20251221;207;3;8.45;3;1;Clover;4
20251221;208;4;0.7;0;0;Fish;4
20251221;209;2;12.27;5;1;Berries;4
20251222;201;1;1.07;0;0;Hare;6
20251222;202;3;7.17;5;0;Moss;6
20251222;203;3;2.79;3;1;Mushroom;6
20251222;204;1;2.42;3;1;Hare;6
20251222;205;2;0.55;4;1;Rabbit;6
20251222;206;3;1.04;2;1;Roots;6
20251222;207;3;9.27;1;0;Lichen;6
20251222;208;4;0.83;4;0;Ptarmigan;6
20251222;209;2;23.79;2;1;Honey;6
20251223;201;1;0.39;2;1;Vole;9
20251223;202;3;16.25;2;0;Bark;9
20251223;203;3;4.5;1;1;Acorns;9
20251223;204;1;2.66;0;0;Marmot;9
20251223;205;2;1.03;5;1;Rabbit;9
20251223;206;3;0.39;5;1;Seeds;9
20251223;207;3;8.76;5;1;Clover;9
20251223;208;4;0.16;0;1;Grouse;9
20251223;209;2;27.99;3;0;Fish;9
20251224;201;1;1.12;0;0;Hare;2
20251224;202;3;5.43;1;1;Bark;2
20251224;203;3;6.87;2;1;Clover;2
20251224;204;1;4.17;1;1;Roe Deer Fawn;2
20251224;205;2;0.2;3;0;Rabbit;2
20251224;206;3;1.2;3;1;Roots;2
20251224;207;3;9.09;5;1;Lichen;2
20251224;208;4;0.87;4;1;Fish;2
20251224;209;2;25.28;3;0;Roots;2
20251225;201;1;2.17;1;1;Grouse;10
20251225;202;3;21.13;4;1;Bark;10
20251225;203;3;2.77;1;1;Grass;10
20251225;204;1;3.3;5;1;Roe Deer Fawn;10
20251225;205;2;1.72;2;1;Beetle;10
20251225;206;3;0.25;5;0;Roots;10
20251225;207;3;7.61;5;0;Lichen;10
20251225;208;4;0.69;1;0;Marmot;10
20251225;209;2;23.67;0;0;Honey;10
20251226;201;1;1.54;5;1;Mouse;4
20251226;202;3;24.89;2;1;Lichen;4
20251226;203;3;1.79;1;1;Mushroom;4
20251226;204;1;4.53;5;0;Chamois Kid;4
20251226;205;2;0.93;4;1;Earthworm;4
20251226;206;3;1.26;2;1;Seeds;4
20251226;207;3;11.01;1;1;Alpine Grass;4
20251226;208;4;0.66;3;1;Grouse;4
20251226;209;2;16.34;4;0;Fish;4
20251227;201;1;0.55;0;1;Rabbit;2
20251227;202;3;12.03;2;1;Alpine Grass;2
20251227;203;3;5.58;4;1;Mushroom;2
20251227;204;1;4.84;2;0;Chamois Kid;2
20251227;205;2;0.94;3;0;Earthworm;2
20251227;206;3;1.4;2;1;Seeds;2
20251227;207;3;7.3;5;1;Herbs;2
20251227;208;4;0.2;2;0;Grouse;2
20251227;209;2;28.7;0;0;Roots;2
20251228;201;1;1.49;2;1;Vole;4
20251228;202;3;17.59;1;1;Lichen;4
20251228;203;3;3.62;3;0;Clover;4
20251228;204;1;2.94;0;0;Roe Deer Fawn;4
20251228;205;2;0.6;1;1;Beetle;4
20251228;206;3;1.35;0;1;Alpine Grass;4
20251228;207;3;10.75;0;0;Lichen;4
20251228;208;4;0.7;5;1;Marmot;4
20251228;209;2;19.09;5;1;Berries;4
20251229;201;1;2.48;1;0;Mouse;2
20251229;202;3;6.57;0;0;Alpine Grass;2
20251229;203;3;5.72;3;1;Clover;2
20251229;204;1;3.04;4;1;Hare;2
20251229;205;2;0.84;2;1;Earthworm;2
20251229;206;3;1.43;1;1;Alpine Grass;2
20251229;207;3;11.14;5;1;Herbs;2
20251229;208;4;0.31;3;1;Marmot;2
20251229;209;2;6.18;0;0;Roe Deer Fawn;2
20251230;201;1;0.51;4;1;Vole;7
20251230;202;3;22.67;1;1;Moss;7
20251230;203;3;4.69;0;0;Mushroom;7
20251230;204;1;2.91;1;1;Chamois Kid;7
20251230;205;2;0.27;1;1;Berries;7
20251230;206;3;0.12;2;0;Seeds;7
20251230;207;3;7.04;5;0;Alpine Grass;7
20251230;208;4;0.33;0;1;Ptarmigan;7
20251230;209;2;29.2;5;0;Roots;7
20251231;201;1;2.16;0;0;Vole;7
20251231;202;3;12.66;2;1;Clover;7
20251231;203;3;6.86;4;1;Clover;7
20251231;204;1;4.26;0;1;Hare;7
20251231;205;2;0.57;3;1;Rabbit;7
20251231;206;3;0.37;4;1;Alpine Grass;7
20251231;207;3;6.33;2;1;Moss;7
20251231;208;4;0.69;0;1;Fish;7
20251231;209;2;23.52;4;0;Berries;7
20260101;201;1;1.48;3;1;Rabbit;7
20260101;202;3;12.46;3;0;Moss;7
20260101;203;3;7.22;2;0;Berries;7
20260101;204;1;4.81;4;1;Hare;7
20260101;205;2;0.36;2;0;Earthworm;7
20260101;206;3;1.37;4;1;Roots;7
20260101;207;3;11.91;3;1;Clover;7
20260101;208;4;0.51;2;0;Fish;7
20260101;209;2;23.91;5;1;Roe Deer Fawn;7
20260102;201;1;0.42;4;0;Hare;8
20260102;202;3;15.83;2;0;Lichen;8
20260102;203;3;2.22;4;0;Clover;8
20260102;204;1;2.67;3;0;Roe Deer Fawn;8
20260102;205;2;0.22;4;1;Berries;8
20260102;206;3;1.49;3;1;Roots;8
20260102;207;3;11.33;1;1;Clover;8
20260102;208;4;0.3;5;0;Marmot;8
20260102;209;2;15.47;4;0;Roots;8
20260103;201;1;0.99;2;0;Grouse;10
20260103;202;3;15.48;5;1;Lichen;10
20260103;203;3;2.18;0;1;Acorns;10
20260103;204;1;3.84;4;0;Grouse;10
20260103;205;2;0.62;4;1;Earthworm;10
20260103;206;3;0.53;5;1;Alpine Grass;10
20260103;207;3;9.09;1;0;Moss;10
20260103;208;4;0.24;4;1;Grouse;10
20260103;209;2;22.56;0;1;Fish;10
20260104;201;1;2.17;2;1;Hare;5
20260104;202;3;9.81;4;0;Moss;5
20260104;203;3;5.35;3;0;Mushroom;5
20260104;204;1;1.64;1;1;Hare;5
20260104;205;2;1.09;4;1;Acorns;5
20260104;206;3;0.49;1;0;Seeds;5
20260104;207;3;5.61;2;1;Clover;5
20260104;208;4;0.24;0;1;Marmot;5
20260104;209;2;26.31;3;1;Fish;5
20260105;201;1;1.09;0;0;Mouse;9
20260105;202;3;12.06;0;1;Alpine Grass;9
20260105;203;3;6.96;5;1;Acorns;9
20260105;204;1;1.36;1;1;Chamois Kid;9
20260105;205;2;0.84;0;1;Earthworm;9
20260105;206;3;0.19;2;1;Dandelion;9
20260105;207;3;9.82;3;1;Herbs;9
20260105;208;4;0.14;5;1;Fish;9
20260105;209;2;21.48;4;0;Roots;9
20260106;201;1;1.99;5;0;Hare;5
20260106;202;3;13.35;2;1;Bark;5
20260106;203;3;5.93;0;1;Clover;5
20260106;204;1;4.17;2;1;Marmot;5
20260106;205;2;0.47;4;1;Beetle;5
20260106;206;3;0.95;2;1;Dandelion;5
20260106;207;3;10.15;0;1;Clover;5
20260106;208;4;0.76;0;1;Marmot;5
20260106;209;2;26.15;5;1;Fish;5
20260107;201;1;1.53;3;0;Rabbit;6
20260107;202;3;16.68;0;1;Moss;6
20260107;203;3;6.48;1;1;Grass;6
20260107;204;1;1.28;3;1;Chamois Kid;6
20260107;205;2;0.85;4;0;Earthworm;6
20260107;206;3;0.88;4;0;Dandelion;6
20260107;207;3;3.65;0;1;Moss;6
20260107;208;4;0.81;1;1;Fish;6
20260107;209;2;8.42;1;1;Berries;6
20260108;201;1;2.13;0;1;Mouse;9
20260108;202;3;22.69;0;1;Clover;9
20260108;203;3;1.85;3;1;Berries;9
20260108;204;1;4.34;2;0;Chamois Kid;9
20260108;205;2;0.42;5;1;Beetle;9
20260108;206;3;0.69;2;1;Dandelion;9
20260108;207;3;10.25;5;1;Clover;9
20260108;208;4;0.61;0;1;Fish;9
20260108;209;2;24.16;2;1;Roots;9
20260109;201;1;1.92;4;1;Mouse;9
20260109;202;3;9.06;0;1;Alpine Grass;9
20260109;203;3;2.5;5;1;Mushroom;9
20260109;204;1;3.48;0;0;Grouse;9
20260109;205;2;1.58;2;1;Rabbit;9
20260109;206;3;1.45;3;0;Dandelion;9
20260109;207;3;8.24;4;1;Moss;9
20260109;208;4;0.64;4;1;Fish;9
20260109;209;2;12.3;2;1;Fish;9
20260110;201;1;2.48;1;0;Vole;10
20260110;202;3;11.2;3;1;Moss;10
20260110;203;3;4.3;5;0;Acorns;10
20260110;204;1;1.32;0;1;Roe Deer Fawn;10
20260110;205;2;0.58;5;0;Berries;10
20260110;206;3;0.41;4;1;Alpine Grass;10
20260110;207;3;9.07;3;1;Lichen;10
20260110;208;4;0.87;3;0;Grouse;10
20260110;209;2;27.17;5;1;Fish;10
20260111;201;1;1.51;3;1;Vole;2
20260111;202;3;23.15;0;1;Moss;2
20260111;203;3;2.15;3;1;Acorns;2
20260111;204;1;4.7;0;1;Chamois Kid;2
20260111;205;2;1.36;4;0;Acorns;2
20260111;206;3;0.38;2;1;Clover;2
20260111;207;3;7.21;4;1;Moss;2
20260111;208;4;0.57;4;0;Hare;2
20260111;209;2;20.59;5;1;Fish;2
20260112;201;1;1.61;1;1;Rabbit;3
20260112;202;3;12.29;3;1;Moss;3
20260112;203;3;6.98;5;1;Acorns;3
20260112;204;1;2.68;1;0;Hare;3
20260112;205;2;0.95;5;0;Acorns;3
20260112;206;3;1.04;3;0;Clover;3
20260112;207;3;4.33;1;0;Clover;3
20260112;208;4;0.56;5;0;Ptarmigan;3
20260112;209;2;9.66;5;0;Honey;3
20260113;201;1;1;5;1;Grouse;6
20260113;202;3;16.07;3;1;Clover;6
20260113;203;3;7.73;0;1;Clover;6
20260113;204;1;3.55;1;1;Hare;6
20260113;205;2;0.94;3;1;Beetle;6
20260113;206;3;0.57;2;0;Clover;6
20260113;207;3;9.03;1;1;Herbs;6
20260113;208;4;0.18;3;1;Marmot;6
20260113;209;2;22.43;0;0;Berries;6
20260114;201;1;0.43;0;1;Mouse;5
20260114;202;3;24.43;1;0;Moss;5
20260114;203;3;3.09;5;1;Clover;5
20260114;204;1;4.88;4;0;Roe Deer Fawn;5
20260114;205;2;0.61;1;1;Berries;5
20260114;206;3;0.79;0;1;Seeds;5
20260114;207;3;3.07;1;1;Moss;5
20260114;208;4;0.43;2;1;Marmot;5
20260114;209;2;23.46;0;1;Honey;5
20260115;201;1;2.43;2;0;Grouse;1
20260115;202;3;15.39;2;0;Alpine Grass;1
20260115;203;3;5.91;0;1;Clover;1
20260115;204;1;1.52;2;1;Roe Deer Fawn;1
20260115;205;2;0.99;5;1;Berries;1
20260115;206;3;0.39;1;1;Roots;1
20260115;207;3;7.78;2;1;Clover;1
20260115;208;4;0.71;2;1;Ptarmigan;1
20260115;209;2;25.67;0;0;Roe Deer Fawn;1
20260116;201;1;1.88;5;1;Vole;8
20260116;202;3;19.31;1;0;Lichen;8
20260116;203;3;4.32;1;1;Acorns;8
20260116;204;1;4.81;1;0;Hare;8
20260116;205;2;1.57;4;1;Berries;8
20260116;206;3;0.62;2;0;Dandelion;8
20260116;207;3;3.1;2;0;Alpine Grass;8
20260116;208;4;0.45;2;0;Hare;8
20260116;209;2;29.99;2;1;Roe Deer Fawn;8
20260117;201;1;1.7;2;1;Rabbit;3
20260117;202;3;9.62;0;0;Bark;3
20260117;203;3;4.9;4;0;Mushroom;3
20260117;204;1;4.96;0;0;Hare;3
20260117;205;2;0.54;2;0;Acorns;3
20260117;206;3;0.3;0;0;Alpine Grass;3
20260117;207;3;11.94;1;0;Alpine Grass;3
20260117;208;4;0.72;4;1;Ptarmigan;3
20260117;209;2;6.3;1;0;Fish;3
20260118;201;1;0.45;0;1;Grouse;9
20260118;202;3;17.05;2;1;Alpine Grass;9
20260118;203;3;2.89;2;0;Mushroom;9
20260118;204;1;3.78;4;1;Hare;9
20260118;205;2;0.46;0;1;Earthworm;9
20260118;206;3;1.22;3;0;Alpine Grass;9
20260118;207;3;3.06;1;1;Alpine Grass;9
20260118;208;4;0.6;5;1;Fish;9
20260118;209;2;28.53;4;0;Fish;9
20260119;201;1;2.22;3;1;Hare;10
20260119;202;3;5.14;4;1;Bark;10
20260119;203;3;3.62;5;1;Berries;10
20260119;204;1;1.5;5;0;Hare;10
20260119;205;2;0.48;0;1;Earthworm;10
20260119;206;3;0.59;5;0;Seeds;10
20260119;207;3;7.43;3;0;Moss;10
20260119;208;4;0.41;5;0;Grouse;10
20260119;209;2;23.24;3;0;Honey;10
20260120;201;1;1.33;4;1;Mouse;10
20260120;202;3;9.02;4;0;Bark;10
20260120;203;3;5.24;2;1;Acorns;10
20260120;204;1;2.47;4;1;Marmot;10
20260120;205;2;0.48;3;1;Beetle;10
20260120;206;3;1.32;1;1;Dandelion;10
20260120;207;3;4.61;2;1;Herbs;10
20260120;208;4;0.33;5;1;Grouse;10
20260120;209;2;20.14;3;1;Fish;10
20260121;201;1;2.18;0;0;Vole;7
20260121;202;3;23.1;5;0;Clover;7
20260121;203;3;7.79;5;0;Grass;7
20260121;204;1;1.18;3;0;Chamois Kid;7
20260121;205;2;0.78;0;0;Beetle;7
20260121;206;3;0.61;0;1;Clover;7
20260121;207;3;5.54;3;1;Herbs;7
20260121;208;4;0.41;0;1;Marmot;7
20260121;209;2;15.03;5;0;Fish;7
20260122;201;1;0.59;5;0;Mouse;7
20260122;202;3;6.62;1;1;Clover;7
20260122;203;3;5.46;1;0;Berries;7
20260122;204;1;2.03;1;1;Hare;7
20260122;205;2;1.86;1;1;Rabbit;7
20260122;206;3;0.16;4;0;Alpine Grass;7
20260122;207;3;5.06;0;1;Clover;7
20260122;208;4;0.1;5;0;Hare;7
20260122;209;2;20.28;4;0;Berries;7
20260123;201;1;2.35;1;1;Mouse;1
20260123;202;3;22.99;4;0;Lichen;1
20260123;203;3;3.48;0;1;Grass;1
20260123;204;1;3.75;2;1;Hare;1
20260123;205;2;1.96;3;0;Berries;1
20260123;206;3;0.21;0;0;Clover;1
20260123;207;3;5.45;2;1;Alpine Grass;1
20260123;208;4;0.11;5;1;Marmot;1
20260123;209;2;15.57;2;1;Berries;1
20260124;201;1;0.69;0;0;Vole;10
20260124;202;3;20.12;5;1;Alpine Grass;10
20260124;203;3;1.56;1;1;Berries;10
20260124;204;1;4.01;3;0;Grouse;10
20260124;205;2;1.08;5;1;Beetle;10
20260124;206;3;0.9;5;1;Alpine Grass;10
20260124;207;3;4.87;2;1;Lichen;10
20260124;208;4;0.7;4;0;Ptarmigan;10
20260124;209;2;20.87;3;1;Honey;10
20260125;201;1;1.66;1;0;Vole;3
20260125;202;3;7.34;1;0;Alpine Grass;3
20260125;203;3;6.19;1;0;Grass;3
20260125;204;1;1.95;5;1;Chamois Kid;3
20260125;205;2;1.65;2;0;Rabbit;3
20260125;206;3;0.21;4;0;Dandelion;3
20260125;207;3;6.15;2;0;Alpine Grass;3
20260125;208;4;0.11;4;0;Fish;3
20260125;209;2;23.54;3;1;Honey;3
20260126;201;1;0.49;2;1;Rabbit;6
20260126;202;3;22.9;2;0;Alpine Grass;6
20260126;203;3;3.09;2;1;Acorns;6
20260126;204;1;2.11;4;0;Hare;6
20260126;205;2;1.73;0;1;Acorns;6
20260126;206;3;1.03;4;1;Alpine Grass;6
20260126;207;3;11.88;0;1;Alpine Grass;6
20260126;208;4;0.54;3;1;Marmot;6
20260126;209;2;27.18;3;1;Roe Deer Fawn;6
20260127;201;1;0.4;1;0;Vole;6
20260127;202;3;15.62;0;0;Clover;6
20260127;203;3;3.1;4;1;Mushroom;6
20260127;204;1;1.96;5;1;Roe Deer Fawn;6
20260127;205;2;1.29;5;0;Acorns;6
20260127;206;3;1.02;3;1;Dandelion;6
20260127;207;3;3.7;3;1;Herbs;6
20260127;208;4;0.82;5;1;Marmot;6
20260127;209;2;13;0;1;Roe Deer Fawn;6
20260128;201;1;2.14;0;1;Rabbit;6
20260128;202;3;18.77;4;1;Bark;6
20260128;203;3;2.48;1;1;Clover;6
20260128;204;1;1.07;1;1;Hare;6
20260128;205;2;0.33;5;1;Rabbit;6
20260128;206;3;1.17;0;1;Dandelion;6
20260128;207;3;5.21;3;0;Alpine Grass;6
20260128;208;4;0.86;3;0;Marmot;6
20260128;209;2;18.4;3;1;Roots;6
20260129;201;1;0.92;5;1;Mouse;7
20260129;202;3;16.16;5;0;Bark;7
20260129;203;3;6.05;4;1;Mushroom;7
20260129;204;1;3.73;1;0;Chamois Kid;7
20260129;205;2;1.15;4;1;Earthworm;7
20260129;206;3;0.41;1;0;Clover;7
20260129;207;3;5.57;0;1;Alpine Grass;7
20260129;208;4;0.65;3;1;Ptarmigan;7
20260129;209;2;5.87;4;1;Roe Deer Fawn;7
20260130;201;1;0.46;1;0;Hare;7
20260130;202;3;15.05;3;1;Moss;7
20260130;203;3;3.39;0;1;Mushroom;7
20260130;204;1;4.14;0;1;Roe Deer Fawn;7
20260130;205;2;1.28;2;1;Acorns;7
20260130;206;3;0.68;0;1;Clover;7
20260130;207;3;4.9;2;0;Clover;7
20260130;208;4;0.19;4;1;Ptarmigan;7
20260130;209;2;13.62;3;1;Honey;7
20260131;201;1;1.33;4;1;Mouse;7
20260131;202;3;18.53;5;1;Alpine Grass;7
20260131;203;3;2.53;4;1;Acorns;7
20260131;204;1;3.02;2;1;Grouse;7
20260131;205;2;0.28;1;0;Berries;7
20260131;206;3;1.16;2;0;Dandelion;7
20260131;207;3;7.44;3;1;Clover;7
20260131;208;4;0.92;3;0;Ptarmigan;7
20260131;209;2;10.6;2;0;Roots;7
20260201;201;1;1.39;4;0;Rabbit;3
20260201;202;3;9.78;0;1;Lichen;3
20260201;203;3;5.21;3;1;Berries;3
20260201;204;1;3.57;1;1;Hare;3
20260201;205;2;1.57;5;1;Rabbit;3
20260201;206;3;0.57;5;0;Dandelion;3
20260201;207;3;9.2;1;1;Moss;3
20260201;208;4;0.12;2;0;Hare;3
20260201;209;2;23.1;3;1;Honey;3
20260202;201;1;1.04;3;1;Hare;10
20260202;202;3;22.74;5;0;Alpine Grass;10
20260202;203;3;6.71;1;0;Mushroom;10
20260202;204;1;1.39;2;1;Roe Deer Fawn;10
20260202;205;2;0.4;5;1;Berries;10
20260202;206;3;0.91;4;1;Dandelion;10
20260202;207;3;10.75;3;0;Lichen;10
20260202;208;4;0.14;4;0;Grouse;10
20260202;209;2;25.53;3;1;Fish;10
20260203;201;1;2.35;2;1;Vole;6
20260203;202;3;12.12;5;1;Clover;6
20260203;203;3;7.06;5;0;Berries;6
20260203;204;1;1.69;3;1;Grouse;6
20260203;205;2;1.74;2;1;Rabbit;6
20260203;206;3;1.41;4;1;Roots;6
20260203;207;3;7.67;0;0;Clover;6
20260203;208;4;0.58;5;1;Marmot;6
20260203;209;2;10.81;3;0;Honey;6
20260204;201;1;1.69;1;1;Vole;8
20260204;202;3;8.9;0;1;Alpine Grass;8
20260204;203;3;7.73;5;0;Grass;8
20260204;204;1;4.39;5;0;Grouse;8
20260204;205;2;1.65;3;0;Earthworm;8
20260204;206;3;0.22;3;0;Roots;8
20260204;207;3;9.66;4;1;Clover;8
20260204;208;4;1;1;1;Ptarmigan;8
20260204;209;2;12.35;1;0;Berries;8
20260205;201;1;1.4;4;1;Hare;8
20260205;202;3;21.02;3;0;Bark;8
20260205;203;3;7.46;4;0;Grass;8
20260205;204;1;1.75;2;1;Roe Deer Fawn;8
20260205;205;2;0.83;3;0;Acorns;8
20260205;206;3;0.14;1;1;Alpine Grass;8
20260205;207;3;5.19;0;1;Clover;8
20260205;208;4;0.75;0;1;Grouse;8
20260205;209;2;6.44;0;0;Roe Deer Fawn;8
20260206;201;1;0.99;1;1;Vole;4
20260206;202;3;23.99;4;0;Bark;4
20260206;203;3;7.8;4;1;Acorns;4
20260206;204;1;2.6;5;1;Roe Deer Fawn;4
20260206;205;2;0.5;4;0;Beetle;4
20260206;206;3;0.99;3;1;Roots;4
20260206;207;3;11.63;1;1;Alpine Grass;4
20260206;208;4;0.35;1;0;Marmot;4
20260206;209;2;5.57;3;0;Fish;4
20260207;201;1;2.31;0;1;Mouse;2
20260207;202;3;10.67;1;0;Moss;2
20260207;203;3;5.15;1;0;Clover;2
20260207;204;1;3.51;5;1;Roe Deer Fawn;2
20260207;205;2;1.27;4;1;Rabbit;2
20260207;206;3;0.17;0;1;Roots;2
20260207;207;3;3.33;3;1;Moss;2
20260207;208;4;0.78;4;1;Fish;2
20260207;209;2;10.52;5;0;Roots;2
20260208;201;1;2.35;2;0;Rabbit;8
20260208;202;3;7.87;2;1;Bark;8
20260208;203;3;7.65;3;1;Berries;8
20260208;204;1;1.11;2;1;Chamois Kid;8
20260208;205;2;1.67;0;1;Beetle;8
20260208;206;3;0.85;2;1;Seeds;8
20260208;207;3;7.28;0;1;Lichen;8
20260208;208;4;0.26;5;1;Grouse;8
20260208;209;2;26.49;2;1;Honey;8
20260209;201;1;0.33;5;1;Grouse;6
20260209;202;3;7.17;0;1;Clover;6
20260209;203;3;2.65;4;0;Mushroom;6
20260209;204;1;3.6;2;1;Hare;6
20260209;205;2;0.74;1;1;Berries;6
20260209;206;3;0.96;0;0;Dandelion;6
20260209;207;3;5.72;3;0;Herbs;6
20260209;208;4;0.82;4;1;Grouse;6
20260209;209;2;16.98;4;1;Berries;6
20260210;201;1;1.16;2;0;Hare;2
20260210;202;3;13.56;1;0;Moss;2
20260210;203;3;5.9;3;1;Acorns;2
20260210;204;1;1.88;3;0;Roe Deer Fawn;2
20260210;205;2;1.58;5;1;Berries;2
20260210;206;3;0.34;3;1;Alpine Grass;2
20260210;207;3;11.39;2;1;Alpine Grass;2
20260210;208;4;0.53;2;1;Grouse;2
20260210;209;2;22.14;1;1;Roots;2
20260211;201;1;2.17;1;1;Grouse;4
20260211;202;3;22.45;3;0;Moss;4
20260211;203;3;2.8;3;0;Berries;4
20260211;204;1;3.8;4;1;Grouse;4
20260211;205;2;0.94;5;1;Acorns;4
20260211;206;3;0.43;5;0;Roots;4
20260211;207;3;5.1;0;0;Lichen;4
20260211;208;4;0.87;0;1;Grouse;4
20260211;209;2;13.08;4;1;Roots;4
20260212;201;1;2.31;1;1;Mouse;3
20260212;202;3;12.87;4;1;Clover;3
20260212;203;3;4.57;4;1;Clover;3
20260212;204;1;4.08;1;0;Roe Deer Fawn;3
20260212;205;2;1.7;0;1;Earthworm;3
20260212;206;3;1.35;3;1;Clover;3
20260212;207;3;7.83;4;0;Moss;3
20260212;208;4;0.56;1;1;Grouse;3
20260212;209;2;6.67;3;1;Roots;3
20260213;201;1;1.67;5;0;Vole;8
20260213;202;3;16.18;4;1;Lichen;8
20260213;203;3;4.42;0;1;Acorns;8
20260213;204;1;3.09;2;1;Grouse;8
20260213;205;2;1.21;2;0;Rabbit;8
20260213;206;3;1;4;1;Seeds;8
20260213;207;3;4.78;4;0;Moss;8
20260213;208;4;0.9;0;0;Grouse;8
20260213;209;2;21.1;2;0;Fish;8
20260214;201;1;2.47;2;1;Mouse;9
20260214;202;3;20.12;0;1;Clover;9
20260214;203;3;1.54;5;1;Grass;9
20260214;204;1;4.47;3;0;Chamois Kid;9
20260214;205;2;0.33;0;1;Beetle;9
20260214;206;3;0.79;5;1;Dandelion;9
20260214;207;3;8.34;4;1;Herbs;9
20260214;208;4;0.15;5;0;Hare;9
20260214;209;2;13;0;1;Roe Deer Fawn;9
20260215;201;1;0.89;5;1;Grouse;5
20260215;202;3;12.37;1;1;Lichen;5
20260215;203;3;4.11;0;1;Mushroom;5
20260215;204;1;3.26;3;0;Chamois Kid;5
20260215;205;2;0.33;2;0;Rabbit;5
20260215;206;3;0.56;4;0;Seeds;5
20260215;207;3;9.65;1;0;Herbs;5
20260215;208;4;0.53;0;1;Fish;5
20260215;209;2;11.8;4;1;Fish;5
20260216;201;1;0.8;0;1;Grouse;2
20260216;202;3;6.32;1;1;Bark;2
20260216;203;3;1.68;2;1;Mushroom;2
20260216;204;1;4.56;1;1;Hare;2
20260216;205;2;1;0;1;Acorns;2
20260216;206;3;0.11;1;0;Alpine Grass;2
20260216;207;3;11.82;5;0;Clover;2
20260216;208;4;0.66;3;1;Grouse;2
20260216;209;2;28.19;1;1;Fish;2
20260217;201;1;1.54;1;1;Mouse;3
20260217;202;3;22.83;4;1;Moss;3
20260217;203;3;6.85;3;1;Clover;3
20260217;204;1;2.46;4;1;Chamois Kid;3
20260217;205;2;0.99;0;1;Acorns;3
20260217;206;3;0.98;0;0;Roots;3
20260217;207;3;7.15;1;1;Moss;3
20260217;208;4;0.69;0;1;Hare;3
20260217;209;2;16.02;2;1;Roe Deer Fawn;3
20260218;201;1;1.29;0;1;Rabbit;10
20260218;202;3;16.26;0;1;Lichen;10
20260218;203;3;2.15;1;1;Clover;10
20260218;204;1;2.94;2;0;Grouse;10
20260218;205;2;0.72;3;1;Earthworm;10
20260218;206;3;1.06;5;1;Clover;10
20260218;207;3;3.01;5;1;Herbs;10
20260218;208;4;0.48;4;1;Fish;10
20260218;209;2;26.28;1;1;Roe Deer Fawn;10
20260219;201;1;1.43;0;1;Hare;5
20260219;202;3;11.97;2;1;Moss;5
20260219;203;3;5.51;1;1;Berries;5
20260219;204;1;3.2;0;1;Chamois Kid;5
20260219;205;2;1.37;1;1;Rabbit;5
20260219;206;3;0.4;2;1;Clover;5
20260219;207;3;6.78;0;1;Clover;5
20260219;208;4;0.86;1;0;Ptarmigan;5
20260219;209;2;10;2;1;Honey;5
20260220;201;1;1.43;2;1;Hare;7
20260220;202;3;19.09;2;1;Alpine Grass;7
20260220;203;3;5.13;5;1;Grass;7
20260220;204;1;3.48;1;1;Hare;7
20260220;205;2;1.22;1;0;Rabbit;7
20260220;206;3;0.75;1;0;Roots;7
20260220;207;3;8.98;4;1;Herbs;7
20260220;208;4;0.16;1;0;Hare;7
20260220;209;2;12.04;3;0;Roe Deer Fawn;7
20260221;201;1;1.71;3;0;Grouse;10
20260221;202;3;8.91;5;0;Bark;10
20260221;203;3;1.88;1;0;Grass;10
20260221;204;1;1.19;3;0;Marmot;10
20260221;205;2;0.3;1;0;Earthworm;10
20260221;206;3;0.97;0;1;Alpine Grass;10
20260221;207;3;10.35;0;0;Moss;10
20260221;208;4;0.23;5;1;Marmot;10
20260221;209;2;29.81;2;1;Roots;10
20260222;201;1;1.67;1;1;Vole;1
20260222;202;3;5.64;3;1;Clover;1
20260222;203;3;6.25;0;1;Clover;1
20260222;204;1;3.7;1;1;Grouse;1
20260222;205;2;1.83;2;1;Rabbit;1
20260222;206;3;0.17;0;0;Dandelion;1
20260222;207;3;7.58;4;0;Clover;1
20260222;208;4;0.98;1;1;Grouse;1
20260222;209;2;13.97;4;1;Roe Deer Fawn;1
20260223;201;1;0.34;3;1;Rabbit;9
20260223;202;3;18.66;0;0;Moss;9
20260223;203;3;5.68;2;1;Berries;9
20260223;204;1;1.76;0;0;Chamois Kid;9
20260223;205;2;0.55;5;1;Beetle;9
20260223;206;3;1.31;3;0;Dandelion;9
20260223;207;3;5.67;2;1;Lichen;9
20260223;208;4;0.9;4;1;Grouse;9
20260223;209;2;16.17;0;1;Roots;9
20260224;201;1;0.64;2;1;Grouse;1
20260224;202;3;20.7;5;0;Lichen;1
20260224;203;3;5.81;4;0;Berries;1
20260224;204;1;2.25;0;1;Grouse;1
20260224;205;2;1.56;5;1;Beetle;1
20260224;206;3;0.14;0;0;Dandelion;1
20260224;207;3;9.04;5;1;Lichen;1
20260224;208;4;0.92;0;0;Marmot;1
20260224;209;2;13.79;2;0;Honey;1
20260225;201;1;0.86;0;1;Grouse;7
20260225;202;3;5.68;3;1;Clover;7
20260225;203;3;7.95;3;1;Grass;7
20260225;204;1;4.83;4;0;Hare;7
20260225;205;2;1.01;0;0;Earthworm;7
20260225;206;3;0.56;1;1;Roots;7
20260225;207;3;10.22;3;1;Moss;7
20260225;208;4;0.97;0;1;Marmot;7
20260225;209;2;8.96;0;1;Roe Deer Fawn;7
20260226;201;1;1.06;5;1;Hare;8
20260226;202;3;10.37;4;0;Lichen;8
20260226;203;3;3.24;5;1;Clover;8
20260226;204;1;4.11;5;1;Grouse;8
20260226;205;2;1.19;2;1;Earthworm;8
20260226;206;3;1.16;1;1;Alpine Grass;8
20260226;207;3;11.64;2;1;Moss;8
20260226;208;4;0.46;0;1;Marmot;8
20260226;209;2;7.51;3;0;Berries;8
20260227;201;1;0.93;0;1;Hare;6
20260227;202;3;15.32;3;1;Alpine Grass;6
20260227;203;3;4.46;1;0;Berries;6
20260227;204;1;1.57;3;1;Hare;6
20260227;205;2;1.58;0;0;Rabbit;6
20260227;206;3;0.62;4;1;Seeds;6
20260227;207;3;8.88;0;0;Alpine Grass;6
20260227;208;4;0.32;0;0;Fish;6
20260227;209;2;13.77;2;0;Fish;6
20260228;201;1;1.39;1;1;Grouse;4
20260228;202;3;5.1;3;0;Moss;4
20260228;203;3;1.66;1;1;Clover;4
20260228;204;1;3.69;1;1;Grouse;4
20260228;205;2;1.13;1;1;Earthworm;4
20260228;206;3;1.24;0;1;Clover;4
20260228;207;3;6.81;5;1;Alpine Grass;4
20260228;208;4;0.46;1;1;Hare;4
20260228;209;2;17.7;0;0;Roe Deer Fawn;4
20260301;201;1;1.5;2;0;Hare;6
20260301;202;3;6.77;3;1;Moss;6
20260301;203;3;2.37;3;1;Berries;6
20260301;204;1;4.5;4;0;Marmot;6
20260301;205;2;0.43;3;1;Berries;6
20260301;206;3;0.52;3;0;Alpine Grass;6
20260301;207;3;4.43;1;1;Lichen;6
20260301;208;4;0.2;3;1;Marmot;6
20260301;209;2;24.52;2;1;Roe Deer Fawn;6
20260302;201;1;1.28;4;1;Hare;3
20260302;202;3;16.85;1;0;Moss;3
20260302;203;3;4.45;3;1;Berries;3
20260302;204;1;3.29;2;1;Marmot;3
20260302;205;2;0.33;1;0;Beetle;3
20260302;206;3;0.36;3;1;Roots;3
20260302;207;3;4.89;3;1;Alpine Grass;3
20260302;208;4;0.7;4;1;Fish;3
20260302;209;2;14.79;3;1;Roe Deer Fawn;3
20260303;201;1;2.41;4;0;Grouse;2
20260303;202;3;13.63;4;1;Clover;2
20260303;203;3;1.67;3;0;Mushroom;2
20260303;204;1;2.12;4;0;Grouse;2
20260303;205;2;1.3;0;1;Acorns;2
20260303;206;3;0.83;3;1;Seeds;2
20260303;207;3;5.13;0;1;Alpine Grass;2
20260303;208;4;0.6;0;1;Grouse;2
20260303;209;2;23.38;3;0;Honey;2
20260304;201;1;1.04;4;1;Vole;8
20260304;202;3;14.72;1;0;Lichen;8
20260304;203;3;2.03;2;0;Grass;8
20260304;204;1;4.63;4;1;Marmot;8
20260304;205;2;1.82;3;1;Berries;8
20260304;206;3;0.9;3;1;Alpine Grass;8
20260304;207;3;9.73;4;1;Lichen;8
20260304;208;4;0.49;1;1;Ptarmigan;8
20260304;209;2;20.38;0;0;Fish;8
20260305;201;1;2.34;0;1;Grouse;1
20260305;202;3;8.03;0;1;Lichen;1
20260305;203;3;5.96;3;0;Berries;1
20260305;204;1;4.61;4;0;Marmot;1
20260305;205;2;1.61;1;1;Beetle;1
20260305;206;3;1.23;1;1;Clover;1
20260305;207;3;7.94;0;1;Moss;1
20260305;208;4;0.54;4;1;Ptarmigan;1
20260305;209;2;12.12;4;1;Honey;1
20260306;201;1;2.22;2;1;Hare;1
20260306;202;3;14.41;0;0;Lichen;1
20260306;203;3;2.12;3;1;Berries;1
20260306;204;1;4.52;4;1;Hare;1
20260306;205;2;1.89;1;1;Beetle;1
20260306;206;3;0.24;1;0;Clover;1
20260306;207;3;10.73;0;1;Herbs;1
20260306;208;4;0.85;0;0;Fish;1
20260306;209;2;17.58;4;1;Roe Deer Fawn;1
20260307;201;1;1.48;2;0;Rabbit;3
20260307;202;3;19.05;2;1;Lichen;3
20260307;203;3;2.88;3;1;Mushroom;3
20260307;204;1;4.66;2;1;Chamois Kid;3
20260307;205;2;0.57;5;1;Beetle;3
20260307;206;3;0.37;5;1;Alpine Grass;3
20260307;207;3;5.39;4;1;Clover;3
20260307;208;4;0.58;0;0;Fish;3
20260307;209;2;8;2;1;Roe Deer Fawn;3
20260308;201;1;2.14;2;1;Rabbit;5
20260308;202;3;21.6;3;1;Alpine Grass;5
20260308;203;3;1.91;5;1;Acorns;5
20260308;204;1;3.2;1;1;Chamois Kid;5
20260308;205;2;1.03;0;1;Acorns;5
20260308;206;3;0.23;1;1;Dandelion;5
20260308;207;3;4.5;5;0;Lichen;5
20260308;208;4;0.98;4;1;Fish;5
20260308;209;2;20.48;5;1;Honey;5
20260309;201;1;2.09;2;0;Grouse;7
20260309;202;3;5.91;1;1;Alpine Grass;7
20260309;203;3;6.38;5;1;Berries;7
20260309;204;1;3.24;3;1;Grouse;7
20260309;205;2;1.92;2;1;Rabbit;7
20260309;206;3;0.59;2;1;Dandelion;7
20260309;207;3;3.5;0;1;Clover;7
20260309;208;4;0.89;0;1;Fish;7
20260309;209;2;10.19;4;1;Roots;7
20260310;201;1;0.35;0;0;Vole;4
20260310;202;3;13.04;2;1;Lichen;4
20260310;203;3;7.72;2;0;Clover;4
20260310;204;1;1.54;3;1;Marmot;4
20260310;205;2;0.4;1;1;Rabbit;4
20260310;206;3;1.22;5;1;Roots;4
20260310;207;3;6.86;1;1;Clover;4
20260310;208;4;0.84;1;1;Marmot;4
20260310;209;2;22.72;2;1;Fish;4
20260311;201;1;0.91;5;1;Grouse;6
20260311;202;3;6.61;0;1;Clover;6
20260311;203;3;2.9;4;0;Grass;6
20260311;204;1;1.57;0;1;Roe Deer Fawn;6
20260311;205;2;0.54;3;0;Earthworm;6
20260311;206;3;0.39;4;0;Seeds;6
20260311;207;3;9.16;3;1;Lichen;6
20260311;208;4;0.14;2;1;Grouse;6
20260311;209;2;8.8;1;1;Fish;6
20260312;201;1;1.46;4;1;Mouse;6
20260312;202;3;15.96;1;1;Clover;6
20260312;203;3;1.72;4;0;Berries;6
20260312;204;1;4.26;3;1;Marmot;6
20260312;205;2;0.62;1;1;Berries;6
20260312;206;3;0.48;1;1;Clover;6
20260312;207;3;4.1;1;1;Alpine Grass;6
20260312;208;4;0.65;0;1;Hare;6
20260312;209;2;29.25;4;1;Roots;6
20260313;201;1;2.02;3;1;Hare;4
20260313;202;3;10.67;3;1;Lichen;4
20260313;203;3;1.59;1;1;Acorns;4
20260313;204;1;4.81;5;1;Chamois Kid;4
20260313;205;2;1.26;1;0;Beetle;4
20260313;206;3;0.63;1;0;Dandelion;4
20260313;207;3;6.59;4;1;Herbs;4
20260313;208;4;0.9;3;0;Fish;4
20260313;209;2;10.28;2;1;Roots;4
20260314;201;1;0.6;5;1;Rabbit;1
20260314;202;3;21.56;0;0;Bark;1
20260314;203;3;4.53;3;0;Mushroom;1
20260314;204;1;4.91;2;1;Chamois Kid;1
20260314;205;2;1.2;0;1;Beetle;1
20260314;206;3;0.17;1;1;Seeds;1
20260314;207;3;3.96;4;1;Alpine Grass;1
20260314;208;4;0.18;2;1;Ptarmigan;1
20260314;209;2;12.33;1;1;Fish;1
20260315;201;1;1.72;3;0;Mouse;7
20260315;202;3;18.01;5;0;Moss;7
20260315;203;3;7.21;5;0;Acorns;7
20260315;204;1;2.86;3;1;Grouse;7
20260315;205;2;0.72;5;1;Rabbit;7
20260315;206;3;1.37;2;0;Seeds;7
20260315;207;3;11.41;4;0;Alpine Grass;7
20260315;208;4;0.73;3;1;Fish;7
20260315;209;2;9.63;4;1;Honey;7
20260316;201;1;0.54;2;0;Mouse;6
20260316;202;3;23.36;1;1;Clover;6
20260316;203;3;4.13;3;1;Clover;6
20260316;204;1;3.48;0;0;Hare;6
20260316;205;2;1.6;4;0;Beetle;6
20260316;206;3;0.69;1;1;Roots;6
20260316;207;3;3.1;0;0;Alpine Grass;6
20260316;208;4;0.33;3;1;Grouse;6
20260316;209;2;28.42;1;0;Honey;6
20260317;201;1;0.5;5;0;Mouse;6
20260317;202;3;12.43;3;0;Clover;6
20260317;203;3;7.57;0;1;Berries;6
20260317;204;1;2.41;2;1;Marmot;6
20260317;205;2;0.3;0;1;Rabbit;6
20260317;206;3;0.7;2;1;Roots;6
20260317;207;3;8.29;0;1;Herbs;6
20260317;208;4;0.13;1;0;Fish;6
20260317;209;2;21.18;0;1;Roots;6
20260318;201;1;2.49;0;1;Grouse;10
20260318;202;3;17.56;0;0;Moss;10
20260318;203;3;5.91;5;0;Acorns;10
20260318;204;1;4.98;5;0;Chamois Kid;10
20260318;205;2;0.43;0;1;Earthworm;10
20260318;206;3;0.48;4;0;Seeds;10
20260318;207;3;4.91;1;1;Moss;10
20260318;208;4;0.82;5;0;Grouse;10
20260318;209;2;9.64;5;0;Berries;10
20260319;201;1;1.7;4;0;Grouse;10
20260319;202;3;12.25;5;0;Bark;10
20260319;203;3;2.19;0;1;Clover;10
20260319;204;1;2.69;3;1;Grouse;10
20260319;205;2;1.32;3;0;Berries;10
20260319;206;3;0.33;3;1;Clover;10
20260319;207;3;5.08;4;1;Lichen;10
20260319;208;4;0.44;3;0;Fish;10
20260319;209;2;8.36;2;1;Fish;10
20260320;201;1;1;5;1;Mouse;5
20260320;202;3;21.54;0;0;Clover;5
20260320;203;3;5.82;2;0;Berries;5
20260320;204;1;3.95;3;0;Grouse;5
20260320;205;2;0.85;4;0;Rabbit;5
20260320;206;3;1.4;3;1;Alpine Grass;5
20260320;207;3;8.1;2;1;Herbs;5
20260320;208;4;0.58;5;0;Marmot;5
20260320;209;2;18.66;3;0;Roots;5
20260321;201;1;1.36;2;1;Vole;3
20260321;202;3;5.57;3;1;Lichen;3
20260321;203;3;2.12;3;0;Mushroom;3
20260321;204;1;4.79;4;1;Hare;3
20260321;205;2;1.86;2;1;Beetle;3
20260321;206;3;1.25;3;1;Dandelion;3
20260321;207;3;6;4;1;Clover;3
20260321;208;4;0.37;5;0;Hare;3
20260321;209;2;16.25;3;1;Honey;3
20260322;201;1;0.79;5;0;Vole;6
20260322;202;3;16.53;2;1;Lichen;6
20260322;203;3;7.33;3;0;Berries;6
20260322;204;1;3.21;3;0;Hare;6
20260322;205;2;0.88;2;1;Acorns;6
20260322;206;3;1.38;5;0;Roots;6
20260322;207;3;3.56;1;0;Lichen;6
20260322;208;4;0.8;3;1;Fish;6
20260322;209;2;7.81;5;1;Honey;6
20260323;201;1;0.84;1;0;Hare;7
20260323;202;3;7.26;2;0;Lichen;7
20260323;203;3;7.71;4;0;Clover;7
20260323;204;1;3.69;0;0;Roe Deer Fawn;7
20260323;205;2;1.18;3;1;Berries;7
20260323;206;3;0.32;0;1;Clover;7
20260323;207;3;5.78;4;1;Clover;7
20260323;208;4;0.38;1;1;Fish;7
20260323;209;2;17.84;5;0;Fish;7
20260324;201;1;1;4;1;Grouse;7
20260324;202;3;12.75;0;1;Bark;7
20260324;203;3;4.13;0;1;Grass;7
20260324;204;1;4.38;3;1;Chamois Kid;7
20260324;205;2;1.81;3;0;Acorns;7
20260324;206;3;1.34;1;1;Alpine Grass;7
20260324;207;3;11.99;1;1;Alpine Grass;7
20260324;208;4;0.43;3;1;Fish;7
20260324;209;2;27.67;2;0;Roots;7
20260325;201;1;1.83;4;1;Grouse;10
20260325;202;3;13.2;5;1;Bark;10
20260325;203;3;7.97;2;1;Grass;10
20260325;204;1;3.39;3;1;Grouse;10
20260325;205;2;0.83;4;0;Beetle;10
20260325;206;3;0.6;5;0;Dandelion;10
20260325;207;3;5.61;3;1;Clover;10
20260325;208;4;0.57;1;1;Hare;10
20260325;209;2;19.87;2;0;Roots;10
20260326;201;1;2.39;2;1;Hare;3
20260326;202;3;7.85;0;1;Bark;3
20260326;203;3;7.72;4;1;Berries;3
20260326;204;1;4.98;3;1;Chamois Kid;3
20260326;205;2;0.89;3;1;Rabbit;3
20260326;206;3;0.78;3;1;Alpine Grass;3
20260326;207;3;5.49;2;1;Alpine Grass;3
20260326;208;4;0.46;3;0;Ptarmigan;3
20260326;209;2;20.3;4;1;Fish;3
20260327;201;1;1.62;1;1;Rabbit;7
20260327;202;3;15.81;1;1;Bark;7
20260327;203;3;7.54;3;1;Mushroom;7
20260327;204;1;1.49;1;1;Hare;7
20260327;205;2;0.55;4;0;Rabbit;7
20260327;206;3;0.58;3;1;Clover;7
20260327;207;3;9.35;3;0;Lichen;7
20260327;208;4;0.57;4;0;Marmot;7
20260327;209;2;13.75;3;1;Fish;7
20260328;201;1;0.47;5;0;Vole;8
20260328;202;3;8.04;2;1;Bark;8
20260328;203;3;2.82;1;1;Berries;8
20260328;204;1;4.71;2;1;Roe Deer Fawn;8
20260328;205;2;1.47;1;0;Rabbit;8
20260328;206;3;1.01;4;0;Roots;8
20260328;207;3;4.82;2;0;Clover;8
20260328;208;4;0.65;2;1;Ptarmigan;8
20260328;209;2;14.59;4;0;Roe Deer Fawn;8
20260329;201;1;1.26;1;0;Grouse;1
20260329;202;3;13.69;3;0;Bark;1
20260329;203;3;2.1;3;1;Grass;1
20260329;204;1;1.3;3;1;Marmot;1
20260329;205;2;1.85;0;0;Acorns;1
20260329;206;3;0.54;5;1;Clover;1
20260329;207;3;8.91;1;1;Moss;1
20260329;208;4;0.98;0;0;Hare;1
20260329;209;2;7.9;0;0;Berries;1
20260330;201;1;1.64;1;0;Hare;10
20260330;202;3;5.83;0;1;Moss;10
20260330;203;3;7.01;3;1;Clover;10
20260330;204;1;3.87;2;1;Grouse;10
20260330;205;2;1.8;4;1;Rabbit;10
20260330;206;3;1.46;1;0;Seeds;10
20260330;207;3;7.31;5;0;Lichen;10
20260330;208;4;0.17;1;0;Hare;10
20260330;209;2;12.3;4;0;Roe Deer Fawn;10
20260331;201;1;0.64;1;1;Grouse;1
20260331;202;3;13.72;4;1;Bark;1
20260331;203;3;5.51;1;1;Berries;1
20260331;204;1;2.91;1;1;Marmot;1
20260331;205;2;1.35;5;1;Earthworm;1
20260331;206;3;0.83;1;0;Alpine Grass;1
20260331;207;3;6.15;4;1;Lichen;1
20260331;208;4;0.49;5;1;Marmot;1
20260331;209;2;25.79;4;1;Honey;1
20260401;201;1;1.28;3;1;Mouse;7
20260401;202;3;21.59;5;1;Lichen;7
20260401;203;3;7.81;3;0;Acorns;7
20260401;204;1;3.44;3;1;Grouse;7
20260401;205;2;1.62;2;1;Earthworm;7
20260401;206;3;1.15;3;1;Clover;7
20260401;207;3;5.1;2;1;Clover;7
20260401;208;4;0.5;3;1;Ptarmigan;7
20260401;209;2;28.5;0;0;Honey;7
20260402;201;1;1.83;4;1;Mouse;1
20260402;202;3;18.28;2;0;Lichen;1
20260402;203;3;7.29;4;0;Clover;1
20260402;204;1;1.98;0;0;Grouse;1
20260402;205;2;0.61;5;1;Berries;1
20260402;206;3;0.35;0;0;Alpine Grass;1
20260402;207;3;6.29;5;0;Herbs;1
20260402;208;4;0.58;4;1;Ptarmigan;1
20260402;209;2;16.72;5;0;Roe Deer Fawn;1
20260403;201;1;2.14;0;0;Hare;5
20260403;202;3;18.17;2;1;Lichen;5
20260403;203;3;3.44;1;1;Grass;5
20260403;204;1;3.47;4;0;Chamois Kid;5
20260403;205;2;1.29;4;1;Beetle;5
20260403;206;3;0.56;5;1;Alpine Grass;5
20260403;207;3;4.59;0;0;Clover;5
20260403;208;4;0.77;3;0;Fish;5
20260403;209;2;17.29;2;1;Roe Deer Fawn;5
20260404;201;1;0.63;3;1;Hare;6
20260404;202;3;16.04;0;1;Moss;6
20260404;203;3;5.06;5;1;Grass;6
20260404;204;1;1.32;5;0;Hare;6
20260404;205;2;1.02;0;1;Beetle;6
20260404;206;3;0.39;2;1;Alpine Grass;6
20260404;207;3;6.12;4;1;Herbs;6
20260404;208;4;0.68;5;0;Hare;6
20260404;209;2;14.47;4;1;Fish;6
20260405;201;1;1.84;4;1;Grouse;8
20260405;202;3;11.02;3;0;Clover;8
20260405;203;3;1.73;3;1;Grass;8
20260405;204;1;2.62;0;1;Hare;8
20260405;205;2;0.98;2;1;Acorns;8
20260405;206;3;1.02;1;1;Clover;8
20260405;207;3;11.16;0;1;Moss;8
20260405;208;4;0.71;5;0;Ptarmigan;8
20260405;209;2;24.15;4;1;Fish;8
20260406;201;1;1.33;5;1;Rabbit;10
20260406;202;3;23.74;1;0;Alpine Grass;10
20260406;203;3;5.36;1;1;Mushroom;10
20260406;204;1;4.02;5;1;Marmot;10
20260406;205;2;0.96;0;1;Earthworm;10
20260406;206;3;0.92;0;0;Roots;10
20260406;207;3;6.22;3;0;Lichen;10
20260406;208;4;0.38;3;1;Hare;10
20260406;209;2;5.96;3;1;Honey;10
20260407;201;1;1.11;4;1;Rabbit;9
20260407;202;3;11.76;1;1;Bark;9
20260407;203;3;7.67;5;1;Mushroom;9
20260407;204;1;3.53;2;1;Chamois Kid;9
20260407;205;2;0.72;1;1;Berries;9
20260407;206;3;1.32;0;1;Alpine Grass;9
20260407;207;3;9.69;4;0;Moss;9
20260407;208;4;0.6;4;0;Fish;9
20260407;209;2;5.34;5;0;Fish;9
20260408;201;1;1.25;1;1;Mouse;4
20260408;202;3;7.87;2;1;Alpine Grass;4
20260408;203;3;5.4;4;0;Mushroom;4
20260408;204;1;4.67;4;0;Hare;4
20260408;205;2;1.53;5;0;Beetle;4
20260408;206;3;1.23;5;1;Clover;4
20260408;207;3;5.09;1;0;Herbs;4
20260408;208;4;0.98;4;1;Hare;4
20260408;209;2;13.8;5;1;Berries;4
20260409;201;1;1.13;4;1;Hare;8
20260409;202;3;5.72;0;0;Bark;8
20260409;203;3;6.38;3;0;Acorns;8
20260409;204;1;2.89;1;1;Grouse;8
20260409;205;2;0.28;3;1;Berries;8
20260409;206;3;0.78;0;1;Clover;8
20260409;207;3;10.22;1;1;Herbs;8
20260409;208;4;0.88;3;1;Fish;8
20260409;209;2;11.66;4;1;Fish;8
20260410;201;1;1.49;4;1;Hare;5
20260410;202;3;10.63;2;1;Alpine Grass;5
20260410;203;3;1.85;3;1;Acorns;5
20260410;204;1;2.78;1;1;Chamois Kid;5
20260410;205;2;1.04;1;0;Acorns;5
20260410;206;3;0.84;5;1;Clover;5
20260410;207;3;3.49;0;0;Moss;5
20260410;208;4;0.21;2;1;Fish;5
20260410;209;2;22.12;2;1;Roe Deer Fawn;5
20260411;201;1;2.46;1;1;Mouse;9
20260411;202;3;6.14;4;1;Clover;9
20260411;203;3;2.72;2;0;Berries;9
20260411;204;1;3.47;4;1;Roe Deer Fawn;9
20260411;205;2;0.94;5;1;Acorns;9
20260411;206;3;0.64;3;0;Clover;9
20260411;207;3;11.29;0;1;Herbs;9
20260411;208;4;0.65;0;0;Fish;9
20260411;209;2;19.85;2;1;Berries;9
20260412;201;1;1.59;2;0;Mouse;7
20260412;202;3;5.6;5;1;Bark;7
20260412;203;3;2.55;3;1;Clover;7
20260412;204;1;4.27;1;1;Grouse;7
20260412;205;2;1.82;2;1;Acorns;7
20260412;206;3;0.59;2;0;Alpine Grass;7
20260412;207;3;10.7;4;0;Clover;7
20260412;208;4;0.48;5;0;Hare;7
20260412;209;2;16.29;2;1;Honey;7
20260413;201;1;1.85;2;1;Rabbit;4
20260413;202;3;10.45;4;1;Bark;4
20260413;203;3;5.44;4;1;Berries;4
20260413;204;1;4.43;4;1;Roe Deer Fawn;4
20260413;205;2;0.31;1;0;Rabbit;4
20260413;206;3;0.15;2;0;Seeds;4
20260413;207;3;5.57;3;0;Clover;4
20260413;208;4;0.44;4;1;Ptarmigan;4
20260413;209;2;5.45;3;0;Berries;4
20260414;201;1;1.27;0;1;Rabbit;8
20260414;202;3;11.65;1;1;Clover;8
20260414;203;3;6.62;3;0;Grass;8
20260414;204;1;1.97;2;0;Hare;8
20260414;205;2;1.98;1;1;Earthworm;8
20260414;206;3;1.41;1;1;Dandelion;8
20260414;207;3;5.23;2;1;Lichen;8
20260414;208;4;0.42;3;0;Ptarmigan;8
20260414;209;2;24.94;2;1;Fish;8
20260415;201;1;2.49;4;0;Rabbit;7
20260415;202;3;14.68;2;1;Bark;7
20260415;203;3;1.62;0;1;Grass;7
20260415;204;1;4.52;0;0;Grouse;7
20260415;205;2;0.41;4;0;Beetle;7
20260415;206;3;0.15;1;1;Clover;7
20260415;207;3;7.46;5;0;Clover;7
20260415;208;4;0.77;2;1;Grouse;7
20260415;209;2;27.43;5;1;Honey;7
20260416;201;1;1.56;2;1;Hare;3
20260416;202;3;16.57;1;0;Lichen;3
20260416;203;3;2.4;2;1;Mushroom;3
20260416;204;1;3.66;4;1;Hare;3
20260416;205;2;1.73;3;1;Acorns;3
20260416;206;3;1.09;5;1;Clover;3
20260416;207;3;9.06;1;1;Clover;3
20260416;208;4;0.62;2;1;Marmot;3
20260416;209;2;23.3;3;1;Fish;3
20260417;201;1;1.77;2;1;Rabbit;4
20260417;202;3;22.77;2;1;Moss;4
20260417;203;3;4.13;0;1;Grass;4
20260417;204;1;2.31;0;0;Chamois Kid;4
20260417;205;2;1.52;3;1;Acorns;4
20260417;206;3;0.8;0;1;Seeds;4
20260417;207;3;3.73;5;1;Lichen;4
20260417;208;4;0.55;1;0;Marmot;4
20260417;209;2;12.35;0;0;Berries;4
20260418;201;1;1.07;4;1;Vole;8
20260418;202;3;16.67;1;0;Moss;8
20260418;203;3;1.5;1;0;Acorns;8
20260418;204;1;4.29;5;0;Grouse;8
20260418;205;2;0.95;5;1;Earthworm;8
20260418;206;3;0.52;2;1;Dandelion;8
20260418;207;3;11.46;1;0;Herbs;8
20260418;208;4;0.7;5;0;Fish;8
20260418;209;2;7.24;2;1;Roots;8
20260419;201;1;2.01;5;1;Mouse;1
20260419;202;3;24.04;0;1;Lichen;1
20260419;203;3;6.69;4;0;Clover;1
20260419;204;1;1.86;5;0;Hare;1
20260419;205;2;0.35;2;1;Acorns;1
20260419;206;3;0.1;1;1;Alpine Grass;1
20260419;207;3;4.3;0;0;Herbs;1
20260419;208;4;0.51;3;1;Grouse;1
20260419;209;2;12.63;5;1;Roe Deer Fawn;1
20260420;201;1;2.24;2;0;Mouse;9
20260420;202;3;7.7;0;1;Alpine Grass;9
20260420;203;3;7.66;2;0;Clover;9
20260420;204;1;2.27;0;1;Hare;9
20260420;205;2;1.77;0;1;Rabbit;9
20260420;206;3;1.09;0;1;Alpine Grass;9
20260420;207;3;9.29;5;0;Clover;9
20260420;208;4;0.62;4;0;Hare;9
20260420;209;2;9.18;4;0;Berries;9
20260421;201;1;1.54;5;0;Grouse;6
20260421;202;3;5.68;1;1;Bark;6
20260421;203;3;6.99;0;1;Berries;6
20260421;204;1;1.62;2;1;Roe Deer Fawn;6
20260421;205;2;1.03;0;1;Rabbit;6
20260421;206;3;0.51;3;0;Roots;6
20260421;207;3;5.1;2;0;Alpine Grass;6
20260421;208;4;0.87;5;1;Fish;6
20260421;209;2;24.39;5;0;Berries;6
20260422;201;1;1.71;4;1;Mouse;6
20260422;202;3;7.32;5;1;Lichen;6
20260422;203;3;6.71;2;0;Berries;6
20260422;204;1;1.81;4;1;Chamois Kid;6
20260422;205;2;1.43;1;1;Berries;6
20260422;206;3;0.2;3;1;Roots;6
20260422;207;3;7.47;0;1;Lichen;6
20260422;208;4;0.82;4;0;Marmot;6
20260422;209;2;21.86;2;1;Honey;6
20260423;201;1;0.74;1;1;Mouse;10
20260423;202;3;12.73;2;0;Bark;10
20260423;203;3;5.6;3;0;Clover;10
20260423;204;1;2.68;0;1;Chamois Kid;10
20260423;205;2;1;2;1;Earthworm;10
20260423;206;3;1.33;4;0;Roots;10
20260423;207;3;6.16;4;0;Alpine Grass;10
20260423;208;4;0.28;4;1;Fish;10
20260423;209;2;5.79;2;1;Berries;10
20260424;201;1;1.26;4;0;Rabbit;3
20260424;202;3;7.09;5;1;Moss;3
20260424;203;3;3.97;2;1;Acorns;3
20260424;204;1;4.1;1;1;Grouse;3
20260424;205;2;0.93;0;1;Earthworm;3
20260424;206;3;1.18;5;1;Clover;3
20260424;207;3;10.88;4;1;Herbs;3
20260424;208;4;0.43;0;1;Grouse;3
20260424;209;2;16.32;0;0;Roe Deer Fawn;3
20260425;201;1;1.41;4;1;Hare;8
20260425;202;3;11.78;5;1;Lichen;8
20260425;203;3;4.3;2;1;Acorns;8
20260425;204;1;1.21;3;1;Roe Deer Fawn;8
20260425;205;2;1.97;2;1;Earthworm;8
20260425;206;3;1.34;4;1;Alpine Grass;8
20260425;207;3;7.52;1;0;Lichen;8
20260425;208;4;0.1;1;1;Hare;8
20260425;209;2;8.81;0;1;Fish;8
20260426;201;1;1.44;2;1;Mouse;6
20260426;202;3;21.84;2;0;Clover;6
20260426;203;3;2.46;1;1;Berries;6
20260426;204;1;3.2;2;1;Hare;6
20260426;205;2;1.53;5;1;Beetle;6
20260426;206;3;1.29;0;0;Seeds;6
20260426;207;3;11.89;2;0;Moss;6
20260426;208;4;0.42;3;1;Grouse;6
20260426;209;2;7.83;3;1;Berries;6
20260427;201;1;2.2;0;0;Vole;6
20260427;202;3;21.38;2;1;Bark;6
20260427;203;3;6.94;2;1;Mushroom;6
20260427;204;1;3.88;2;0;Roe Deer Fawn;6
20260427;205;2;1.85;4;1;Beetle;6
20260427;206;3;0.5;1;1;Clover;6
20260427;207;3;7.61;5;1;Clover;6
20260427;208;4;0.76;2;0;Marmot;6
20260427;209;2;20.83;5;1;Roe Deer Fawn;6
20260428;201;1;0.81;0;1;Vole;6
20260428;202;3;22.05;0;0;Clover;6
20260428;203;3;6.46;3;0;Mushroom;6
20260428;204;1;3.55;1;1;Roe Deer Fawn;6
20260428;205;2;1.41;1;1;Berries;6
20260428;206;3;1.48;3;1;Roots;6
20260428;207;3;8.57;0;1;Lichen;6
20260428;208;4;0.81;2;1;Ptarmigan;6
20260428;209;2;13.04;3;1;Roots;6
20260429;201;1;0.78;2;0;Mouse;7
20260429;202;3;22.78;4;0;Clover;7
20260429;203;3;4.74;0;0;Clover;7
20260429;204;1;4.75;5;1;Chamois Kid;7
20260429;205;2;0.49;3;1;Earthworm;7
20260429;206;3;1.41;3;1;Seeds;7
20260429;207;3;8.43;3;1;Herbs;7
20260429;208;4;0.7;3;0;Ptarmigan;7
20260429;209;2;9.93;2;1;Roe Deer Fawn;7
20260430;201;1;1.09;0;1;Hare;6
20260430;202;3;14.99;0;0;Alpine Grass;6
20260430;203;3;3.09;5;1;Clover;6
20260430;204;1;2.19;0;1;Roe Deer Fawn;6
20260430;205;2;1.21;4;1;Berries;6
20260430;206;3;0.52;4;0;Clover;6
20260430;207;3;6.09;3;1;Alpine Grass;6
20260430;208;4;0.77;5;1;Ptarmigan;6
20260430;209;2;27.66;4;1;Honey;6
20260501;201;1;1.12;2;1;Hare;8
20260501;202;3;18.14;2;1;Bark;8
20260501;203;3;7.13;2;0;Clover;8
20260501;204;1;2.78;3;1;Marmot;8
20260501;205;2;0.45;1;1;Berries;8
20260501;206;3;0.83;2;1;Alpine Grass;8
20260501;207;3;3.04;2;0;Clover;8
20260501;208;4;0.91;0;1;Hare;8
20260501;209;2;17.71;1;0;Fish;8
20260502;201;1;2.34;3;1;Rabbit;4
20260502;202;3;12.2;2;0;Moss;4
20260502;203;3;7.28;1;1;Mushroom;4
20260502;204;1;3.99;4;1;Roe Deer Fawn;4
20260502;205;2;1.41;1;0;Rabbit;4
20260502;206;3;0.48;4;0;Alpine Grass;4
20260502;207;3;6.65;0;1;Moss;4
20260502;208;4;0.99;3;0;Ptarmigan;4
20260502;209;2;16.18;2;0;Roots;4
20260503;201;1;0.84;0;1;Rabbit;3
20260503;202;3;14.45;0;0;Bark;3
20260503;203;3;4.97;0;1;Clover;3
20260503;204;1;1.76;5;0;Roe Deer Fawn;3
20260503;205;2;1.41;0;0;Beetle;3
20260503;206;3;0.47;0;0;Seeds;3
20260503;207;3;7.83;3;0;Alpine Grass;3
20260503;208;4;0.91;2;0;Ptarmigan;3
20260503;209;2;25.13;5;1;Berries;3
20260504;201;1;0.39;4;1;Mouse;2
20260504;202;3;8.85;5;1;Clover;2
20260504;203;3;5.09;4;1;Clover;2
20260504;204;1;2.06;4;1;Roe Deer Fawn;2
20260504;205;2;0.66;0;0;Acorns;2
20260504;206;3;0.33;0;1;Roots;2
20260504;207;3;10.94;0;0;Herbs;2
20260504;208;4;0.82;2;0;Ptarmigan;2
20260504;209;2;6.2;0;1;Fish;2
20260505;201;1;0.6;0;0;Mouse;6
20260505;202;3;11.65;5;1;Lichen;6
20260505;203;3;2.67;3;1;Mushroom;6
20260505;204;1;3.11;3;1;Chamois Kid;6
20260505;205;2;0.51;5;0;Acorns;6
20260505;206;3;1.22;2;0;Seeds;6
20260505;207;3;3.66;3;0;Lichen;6
20260505;208;4;0.42;5;0;Marmot;6
20260505;209;2;9.9;2;0;Roe Deer Fawn;6
20260506;201;1;1.52;4;0;Grouse;9
20260506;202;3;11.26;4;1;Lichen;9
20260506;203;3;7.97;1;1;Berries;9
20260506;204;1;1.3;5;0;Marmot;9
20260506;205;2;0.62;4;1;Acorns;9
20260506;206;3;0.92;1;1;Roots;9
20260506;207;3;6.34;0;0;Lichen;9
20260506;208;4;0.49;4;0;Ptarmigan;9
20260506;209;2;28.69;3;1;Berries;9
20260507;201;1;0.43;2;1;Grouse;10
20260507;202;3;6.85;0;0;Clover;10
20260507;203;3;2.09;1;0;Clover;10
20260507;204;1;3.15;5;1;Chamois Kid;10
20260507;205;2;0.3;1;0;Earthworm;10
20260507;206;3;0.4;3;0;Dandelion;10
20260507;207;3;11.33;0;0;Clover;10
20260507;208;4;0.47;2;1;Hare;10
20260507;209;2;5.06;3;0;Fish;10
20260508;201;1;0.44;2;0;Mouse;2
20260508;202;3;15.19;1;1;Alpine Grass;2
20260508;203;3;3.91;5;1;Grass;2
20260508;204;1;1.44;5;0;Chamois Kid;2
20260508;205;2;0.23;4;1;Beetle;2
20260508;206;3;0.32;5;1;Seeds;2
20260508;207;3;4.08;5;1;Moss;2
20260508;208;4;0.84;0;1;Grouse;2
20260508;209;2;16.46;0;1;Roots;2
20260509;201;1;1.85;4;0;Mouse;2
20260509;202;3;11.85;3;0;Moss;2
20260509;203;3;7.26;1;1;Grass;2
20260509;204;1;4.74;5;1;Marmot;2
20260509;205;2;1.88;0;0;Rabbit;2
20260509;206;3;0.7;1;1;Seeds;2
20260509;207;3;4.33;1;0;Herbs;2
20260509;208;4;0.93;5;1;Fish;2
20260509;209;2;18.6;1;0;Berries;2
20260510;201;1;0.41;4;0;Hare;3
20260510;202;3;7.81;1;1;Alpine Grass;3
20260510;203;3;4.42;5;0;Clover;3
20260510;204;1;1.4;3;0;Grouse;3
20260510;205;2;0.51;4;1;Earthworm;3
20260510;206;3;0.99;0;0;Clover;3
20260510;207;3;5.67;4;0;Clover;3
20260510;208;4;0.7;4;1;Grouse;3
20260510;209;2;24.1;2;1;Berries;3
20260511;201;1;2.3;1;0;Vole;9
20260511;202;3;16.84;4;1;Clover;9
20260511;203;3;7.31;4;0;Mushroom;9
20260511;204;1;1.34;2;1;Grouse;9
20260511;205;2;1.97;3;1;Berries;9
20260511;206;3;0.22;2;1;Clover;9
20260511;207;3;5.14;2;1;Alpine Grass;9
20260511;208;4;0.48;1;1;Grouse;9
20260511;209;2;28.71;5;0;Fish;9
20260512;201;1;0.45;0;1;Rabbit;4
20260512;202;3;5.83;2;1;Moss;4
20260512;203;3;5.05;3;1;Clover;4
20260512;204;1;4.13;4;1;Grouse;4
20260512;205;2;0.94;4;1;Acorns;4
20260512;206;3;1.26;4;0;Roots;4
20260512;207;3;5.38;4;1;Alpine Grass;4
20260512;208;4;0.73;5;0;Marmot;4
20260512;209;2;8.55;3;1;Honey;4
20260513;201;1;0.72;0;1;Rabbit;5
20260513;202;3;15.87;4;1;Clover;5
20260513;203;3;7.85;3;1;Acorns;5
20260513;204;1;3.67;3;0;Marmot;5
20260513;205;2;1.2;3;0;Acorns;5
20260513;206;3;0.74;1;0;Roots;5
20260513;207;3;8.97;5;1;Lichen;5
20260513;208;4;0.32;0;0;Fish;5
20260513;209;2;13.97;2;0;Roots;5
20260514;201;1;0.83;1;0;Mouse;6
20260514;202;3;17.48;1;0;Alpine Grass;6
20260514;203;3;4.5;0;0;Mushroom;6
20260514;204;1;2.61;3;1;Marmot;6
20260514;205;2;1.45;0;1;Berries;6
20260514;206;3;0.28;5;1;Alpine Grass;6
20260514;207;3;5.98;0;1;Clover;6
20260514;208;4;0.71;2;0;Hare;6
20260514;209;2;18.12;0;0;Fish;6
20260515;201;1;1.3;4;0;Vole;2
20260515;202;3;20.78;1;1;Clover;2
20260515;203;3;5.47;5;1;Grass;2
20260515;204;1;1.95;3;1;Chamois Kid;2
20260515;205;2;1.84;2;0;Berries;2
20260515;206;3;0.22;0;1;Clover;2
20260515;207;3;10.29;2;0;Herbs;2
20260515;208;4;0.1;2;0;Hare;2
20260515;209;2;21.63;2;0;Berries;2
20260516;201;1;1.87;2;1;Hare;9
20260516;202;3;17.85;4;0;Lichen;9
20260516;203;3;1.57;2;1;Acorns;9
20260516;204;1;4.83;3;1;Roe Deer Fawn;9
20260516;205;2;1.22;0;1;Beetle;9
20260516;206;3;1.06;1;1;Alpine Grass;9
20260516;207;3;3.56;2;0;Lichen;9
20260516;208;4;0.27;4;1;Ptarmigan;9
20260516;209;2;12.3;3;0;Berries;9
20260517;201;1;0.43;2;0;Mouse;6
20260517;202;3;22.74;4;1;Clover;6
20260517;203;3;2.64;0;1;Acorns;6
20260517;204;1;2.06;0;0;Grouse;6
20260517;205;2;1.77;0;1;Acorns;6
20260517;206;3;0.96;3;0;Dandelion;6
20260517;207;3;9.31;1;0;Moss;6
20260517;208;4;0.36;2;1;Ptarmigan;6
20260517;209;2;17.81;2;1;Roots;6
20260518;201;1;0.43;4;1;Rabbit;1
20260518;202;3;19.81;5;0;Lichen;1
20260518;203;3;7.42;5;1;Berries;1
20260518;204;1;3.33;2;1;Marmot;1
20260518;205;2;0.59;5;1;Earthworm;1
20260518;206;3;1.34;3;1;Dandelion;1
20260518;207;3;5.69;0;1;Moss;1
20260518;208;4;0.38;0;1;Ptarmigan;1
20260518;209;2;20.93;4;1;Fish;1
20260519;201;1;1.22;5;1;Grouse;10
20260519;202;3;23.33;4;1;Moss;10
20260519;203;3;2.36;4;1;Clover;10
20260519;204;1;3.63;1;1;Roe Deer Fawn;10
20260519;205;2;1.13;1;1;Earthworm;10
20260519;206;3;0.11;1;1;Alpine Grass;10
20260519;207;3;9.07;1;1;Alpine Grass;10
20260519;208;4;0.99;5;1;Grouse;10
20260519;209;2;6.96;4;1;Berries;10
20260520;201;1;0.7;5;1;Mouse;8
20260520;202;3;19.22;1;1;Moss;8
20260520;203;3;5.62;3;1;Grass;8
20260520;204;1;3.21;0;1;Chamois Kid;8
20260520;205;2;0.46;5;0;Beetle;8
20260520;206;3;0.92;1;1;Alpine Grass;8
20260520;207;3;5.41;4;0;Herbs;8
20260520;208;4;0.43;5;1;Ptarmigan;8
20260520;209;2;13.84;1;0;Fish;8
20260521;201;1;2.35;1;0;Mouse;8
20260521;202;3;11.34;0;1;Bark;8
20260521;203;3;6;2;1;Clover;8
20260521;204;1;2.18;5;1;Hare;8
20260521;205;2;1.78;1;1;Beetle;8
20260521;206;3;1.15;5;1;Roots;8
20260521;207;3;7.33;2;1;Moss;8
20260521;208;4;0.41;0;0;Grouse;8
20260521;209;2;14.79;3;0;Roots;8
20260522;201;1;2.4;1;0;Vole;2
20260522;202;3;6.57;3;0;Lichen;2
20260522;203;3;6.08;0;1;Clover;2
20260522;204;1;4.65;2;0;Hare;2
20260522;205;2;1.89;5;1;Beetle;2
20260522;206;3;0.29;4;1;Clover;2
20260522;207;3;9.92;3;1;Alpine Grass;2
20260522;208;4;0.96;4;1;Grouse;2
20260522;209;2;9.56;2;1;Roe Deer Fawn;2
20260523;201;1;0.62;4;1;Hare;7
20260523;202;3;12.27;4;0;Moss;7
20260523;203;3;6.53;2;1;Grass;7
20260523;204;1;2.34;2;1;Chamois Kid;7
20260523;205;2;0.75;0;0;Beetle;7
20260523;206;3;1.4;2;1;Roots;7
20260523;207;3;4.61;3;1;Clover;7
20260523;208;4;0.34;5;1;Ptarmigan;7
20260523;209;2;8.71;4;1;Fish;7
20260524;201;1;1.89;4;0;Rabbit;6
20260524;202;3;17.15;5;0;Alpine Grass;6
20260524;203;3;7.47;3;1;Clover;6
20260524;204;1;2.84;5;1;Marmot;6
20260524;205;2;1.18;4;1;Earthworm;6
20260524;206;3;0.79;2;1;Roots;6
20260524;207;3;11.89;2;1;Herbs;6
20260524;208;4;0.11;0;1;Grouse;6
20260524;209;2;12.09;4;1;Fish;6
20260525;201;1;2.13;1;1;Mouse;2
20260525;202;3;21.58;1;1;Lichen;2
20260525;203;3;3.05;4;1;Clover;2
20260525;204;1;4.18;3;0;Roe Deer Fawn;2
20260525;205;2;0.42;0;0;Acorns;2
20260525;206;3;0.28;3;0;Alpine Grass;2
20260525;207;3;5.27;0;1;Alpine Grass;2
20260525;208;4;0.73;5;1;Hare;2
20260525;209;2;7.16;3;1;Fish;2
20260526;201;1;2.22;3;0;Grouse;5
20260526;202;3;11.66;4;1;Bark;5
20260526;203;3;6.43;1;1;Grass;5
20260526;204;1;3.59;0;1;Chamois Kid;5
20260526;205;2;0.71;0;0;Earthworm;5
20260526;206;3;0.52;0;1;Dandelion;5
20260526;207;3;10.61;5;1;Alpine Grass;5
20260526;208;4;0.71;0;0;Fish;5
20260526;209;2;23.53;3;0;Fish;5
20260527;201;1;0.63;4;1;Rabbit;1
20260527;202;3;6.84;2;1;Clover;1
20260527;203;3;6.15;0;1;Clover;1
20260527;204;1;4.95;4;1;Hare;1
20260527;205;2;0.57;0;1;Acorns;1
20260527;206;3;1.18;5;1;Clover;1
20260527;207;3;8.25;1;1;Alpine Grass;1
20260527;208;4;0.62;3;0;Fish;1
20260527;209;2;13.09;1;0;Fish;1
20260528;201;1;1.81;1;1;Grouse;5
20260528;202;3;5.98;0;1;Moss;5
20260528;203;3;1.81;4;0;Acorns;5
20260528;204;1;2.82;3;1;Hare;5
20260528;205;2;1.02;1;0;Beetle;5
20260528;206;3;0.74;5;1;Roots;5
20260528;207;3;10.57;4;0;Herbs;5
20260528;208;4;0.79;4;1;Grouse;5
20260528;209;2;13.66;5;1;Roe Deer Fawn;5
20260529;201;1;0.37;4;1;Hare;3
20260529;202;3;17.43;3;1;Lichen;3
20260529;203;3;4.12;0;0;Berries;3
20260529;204;1;2.89;5;1;Grouse;3
20260529;205;2;1.84;0;1;Rabbit;3
20260529;206;3;1.17;0;0;Alpine Grass;3
20260529;207;3;10.26;5;0;Herbs;3
20260529;208;4;0.64;1;1;Marmot;3
20260529;209;2;19.24;1;1;Roots;3
20260530;201;1;1.69;5;1;Vole;4
20260530;202;3;12.73;2;1;Bark;4
20260530;203;3;4.18;1;1;Mushroom;4
20260530;204;1;3.81;2;1;Marmot;4
20260530;205;2;1.08;2;1;Rabbit;4
20260530;206;3;1.21;5;1;Alpine Grass;4
20260530;207;3;9.3;4;0;Moss;4
20260530;208;4;0.19;0;0;Ptarmigan;4
20260530;209;2;12.09;4;0;Berries;4
20260531;201;1;0.81;2;1;Rabbit;5
20260531;202;3;7.4;2;1;Lichen;5
20260531;203;3;1.66;5;1;Berries;5
20260531;204;1;2.11;0;1;Hare;5
20260531;205;2;0.46;3;1;Earthworm;5
20260531;206;3;0.35;2;1;Clover;5
20260531;207;3;3.26;5;1;Alpine Grass;5
20260531;208;4;0.46;3;0;Marmot;5
20260531;209;2;24.79;1;0;Berries;5
20260601;201;1;2.2;4;1;Grouse;4
20260601;202;3;18.75;4;1;Clover;4
20260601;203;3;2.21;4;1;Berries;4
20260601;204;1;1.03;0;0;Hare;4
20260601;205;2;1.98;1;1;Acorns;4
20260601;206;3;0.51;3;0;Roots;4
20260601;207;3;8.83;0;1;Herbs;4
20260601;208;4;0.72;4;1;Fish;4
20260601;209;2;20.59;0;0;Roe Deer Fawn;4
20260602;201;1;0.72;2;1;Hare;3
20260602;202;3;5.4;5;0;Lichen;3
20260602;203;3;4.57;2;1;Mushroom;3
20260602;204;1;3.47;4;0;Hare;3
20260602;205;2;0.71;0;0;Beetle;3
20260602;206;3;0.78;2;1;Clover;3
20260602;207;3;3.67;3;1;Herbs;3
20260602;208;4;0.2;5;1;Fish;3
20260602;209;2;12.98;1;1;Roots;3
20260603;201;1;0.71;1;1;Mouse;10
20260603;202;3;15.49;1;1;Bark;10
20260603;203;3;7.87;0;1;Mushroom;10
20260603;204;1;2.26;2;1;Grouse;10
20260603;205;2;0.99;4;1;Acorns;10
20260603;206;3;0.88;3;1;Dandelion;10
20260603;207;3;4.34;2;1;Lichen;10
20260603;208;4;0.65;3;1;Marmot;10
20260603;209;2;13.38;3;0;Roe Deer Fawn;10
20260604;201;1;0.61;5;0;Grouse;7
20260604;202;3;10.89;0;1;Lichen;7
20260604;203;3;1.51;4;1;Clover;7
20260604;204;1;4.52;5;1;Grouse;7
20260604;205;2;1.71;2;1;Acorns;7
20260604;206;3;0.24;0;0;Seeds;7
20260604;207;3;5.6;2;1;Moss;7
20260604;208;4;0.94;3;1;Hare;7
20260604;209;2;8.57;1;0;Roe Deer Fawn;7
20260605;201;1;0.41;1;1;Grouse;7
20260605;202;3;7.15;0;1;Bark;7
20260605;203;3;4.28;4;1;Mushroom;7
20260605;204;1;1.19;2;0;Hare;7
20260605;205;2;1.93;3;0;Acorns;7
20260605;206;3;0.86;3;1;Seeds;7
20260605;207;3;10.28;3;1;Alpine Grass;7
20260605;208;4;0.41;5;1;Ptarmigan;7
20260605;209;2;21.51;1;1;Berries;7
20260606;201;1;2.4;5;1;Rabbit;2
20260606;202;3;18.29;5;1;Moss;2
20260606;203;3;6.94;5;0;Berries;2
20260606;204;1;4.07;1;1;Chamois Kid;2
20260606;205;2;0.23;0;1;Beetle;2
20260606;206;3;1.2;0;1;Seeds;2
20260606;207;3;7.71;3;1;Alpine Grass;2
20260606;208;4;0.19;1;1;Grouse;2
20260606;209;2;6.82;1;0;Honey;2
20260607;201;1;0.76;5;1;Mouse;1
20260607;202;3;23.63;5;1;Lichen;1
20260607;203;3;4.72;3;1;Acorns;1
20260607;204;1;2.25;3;0;Chamois Kid;1
20260607;205;2;1.64;2;1;Beetle;1
20260607;206;3;0.5;0;0;Clover;1
20260607;207;3;7.06;3;1;Alpine Grass;1
20260607;208;4;0.4;2;1;Marmot;1
20260607;209;2;10.01;1;1;Fish;1
20260608;201;1;0.3;5;0;Grouse;8
20260608;202;3;9.99;0;0;Bark;8
20260608;203;3;4;4;1;Acorns;8
20260608;204;1;2.54;1;1;Roe Deer Fawn;8
20260608;205;2;0.52;4;0;Acorns;8
20260608;206;3;0.69;5;0;Clover;8
20260608;207;3;7.54;0;0;Alpine Grass;8
20260608;208;4;0.56;3;0;Fish;8
20260608;209;2;26.87;3;1;Honey;8
20260609;201;1;1.2;0;0;Vole;8
20260609;202;3;13;0;1;Alpine Grass;8
20260609;203;3;4.64;5;0;Berries;8
20260609;204;1;1.11;0;1;Marmot;8
20260609;205;2;0.99;2;0;Rabbit;8
20260609;206;3;1.17;2;0;Alpine Grass;8
20260609;207;3;11.23;2;1;Moss;8
20260609;208;4;0.76;4;1;Ptarmigan;8
20260609;209;2;15.13;2;1;Roots;8
20260610;201;1;2.08;0;1;Rabbit;2
20260610;202;3;11.16;0;0;Bark;2
20260610;203;3;5.27;2;1;Acorns;2
20260610;204;1;1.71;2;0;Marmot;2
20260610;205;2;1.92;5;1;Acorns;2
20260610;206;3;0.14;0;0;Clover;2
20260610;207;3;4.62;1;1;Alpine Grass;2
20260610;208;4;0.76;0;1;Hare;2
20260610;209;2;21.09;3;1;Fish;2
20260611;201;1;0.58;2;1;Vole;4
20260611;202;3;9.07;2;1;Clover;4
20260611;203;3;7.69;3;0;Acorns;4
20260611;204;1;4.24;2;1;Grouse;4
20260611;205;2;1.79;0;1;Earthworm;4
20260611;206;3;0.85;1;1;Clover;4
20260611;207;3;3.15;0;1;Herbs;4
20260611;208;4;0.38;0;1;Fish;4
20260611;209;2;26.9;2;1;Honey;4
20260612;201;1;2.17;4;1;Vole;5
20260612;202;3;5.65;1;1;Lichen;5
20260612;203;3;4.69;5;1;Grass;5
20260612;204;1;2.68;4;1;Grouse;5
20260612;205;2;0.78;4;1;Rabbit;5
20260612;206;3;0.32;0;0;Roots;5
20260612;207;3;3.52;5;1;Herbs;5
20260612;208;4;0.56;4;1;Grouse;5
20260612;209;2;27.28;2;0;Fish;5
20260613;201;1;2.27;3;0;Mouse;10
20260613;202;3;22.92;3;0;Moss;10
20260613;203;3;5.64;5;0;Clover;10
20260613;204;1;4.52;3;1;Grouse;10
20260613;205;2;0.32;1;1;Berries;10
20260613;206;3;1.34;0;0;Clover;10
20260613;207;3;10.3;5;1;Lichen;10
20260613;208;4;0.15;1;0;Grouse;10
20260613;209;2;10.74;5;1;Fish;10
20260614;201;1;0.76;1;1;Grouse;9
20260614;202;3;7.4;2;0;Lichen;9
20260614;203;3;6.72;3;0;Mushroom;9
20260614;204;1;3.63;4;0;Roe Deer Fawn;9
20260614;205;2;1.2;0;1;Beetle;9
20260614;206;3;1.06;2;0;Seeds;9
20260614;207;3;9.42;4;0;Herbs;9
20260614;208;4;0.63;5;1;Marmot;9
20260614;209;2;11.13;0;1;Berries;9
20260615;201;1;1.91;4;1;Vole;4
20260615;202;3;20.69;0;0;Lichen;4
20260615;203;3;4.81;2;1;Clover;4
20260615;204;1;3.15;4;1;Hare;4
20260615;205;2;1.81;0;1;Beetle;4
20260615;206;3;1.07;1;1;Alpine Grass;4
20260615;207;3;4.96;5;1;Moss;4
20260615;208;4;0.17;4;1;Fish;4
20260615;209;2;29.37;4;1;Fish;4
20260616;201;1;1.03;5;1;Hare;3
20260616;202;3;10.09;1;0;Bark;3
20260616;203;3;6.67;0;0;Mushroom;3
20260616;204;1;3.18;2;1;Roe Deer Fawn;3
20260616;205;2;1.66;4;1;Beetle;3
20260616;206;3;0.83;5;1;Alpine Grass;3
20260616;207;3;7.49;2;1;Herbs;3
20260616;208;4;0.58;0;1;Fish;3
20260616;209;2;21.72;2;1;Fish;3
20260617;201;1;1.39;2;0;Vole;4
20260617;202;3;10.73;2;1;Moss;4
20260617;203;3;6.83;3;0;Berries;4
20260617;204;1;4.54;0;0;Chamois Kid;4
20260617;205;2;1.87;4;1;Earthworm;4
20260617;206;3;0.55;1;1;Clover;4
20260617;207;3;6.84;1;1;Clover;4
20260617;208;4;0.44;1;0;Grouse;4
20260617;209;2;23.43;4;0;Fish;4
20260618;201;1;0.83;1;1;Grouse;5
20260618;202;3;13.91;4;1;Lichen;5
20260618;203;3;3.7;3;1;Berries;5
20260618;204;1;3.06;4;1;Roe Deer Fawn;5
20260618;205;2;0.48;0;0;Berries;5
20260618;206;3;1.03;4;1;Seeds;5
20260618;207;3;8.32;1;1;Clover;5
20260618;208;4;0.6;4;0;Fish;5
20260618;209;2;27.75;5;1;Honey;5
20260619;201;1;0.76;5;1;Grouse;1
20260619;202;3;23.17;0;1;Bark;1
20260619;203;3;6.49;5;1;Berries;1
20260619;204;1;3.85;3;1;Roe Deer Fawn;1
20260619;205;2;1.28;4;1;Beetle;1
20260619;206;3;1.14;1;0;Alpine Grass;1
20260619;207;3;8.21;5;1;Lichen;1
20260619;208;4;0.13;3;1;Marmot;1
20260619;209;2;10.41;0;1;Berries;1
20260620;201;1;2;4;1;Mouse;7
20260620;202;3;21.47;4;1;Alpine Grass;7
20260620;203;3;6.94;5;0;Berries;7
20260620;204;1;4.1;1;0;Roe Deer Fawn;7
20260620;205;2;0.59;1;1;Berries;7
20260620;206;3;0.74;1;1;Dandelion;7
20260620;207;3;4.26;4;0;Clover;7
20260620;208;4;0.53;1;1;Grouse;7
20260620;209;2;18.95;2;1;Berries;7
20260621;201;1;2.24;5;1;Hare;10
20260621;202;3;6.83;4;0;Clover;10
20260621;203;3;1.94;1;0;Berries;10
20260621;204;1;4.7;0;1;Roe Deer Fawn;10
20260621;205;2;0.99;1;1;Berries;10
20260621;206;3;0.16;1;0;Seeds;10
20260621;207;3;4.56;3;1;Alpine Grass;10
20260621;208;4;0.63;5;1;Ptarmigan;10
20260621;209;2;8.12;0;0;Honey;10
20260622;201;1;2.47;2;1;Grouse;5
20260622;202;3;9.74;0;1;Moss;5
20260622;203;3;6.62;3;0;Clover;5
20260622;204;1;3.42;0;0;Chamois Kid;5
20260622;205;2;0.65;5;1;Acorns;5
20260622;206;3;1.15;3;1;Alpine Grass;5
20260622;207;3;11.42;4;0;Herbs;5
20260622;208;4;0.87;2;1;Grouse;5
20260622;209;2;12.05;3;1;Roe Deer Fawn;5
20260623;201;1;2.18;4;0;Rabbit;10
20260623;202;3;23.98;2;0;Clover;10
20260623;203;3;2.29;5;1;Clover;10
20260623;204;1;1.58;5;0;Marmot;10
20260623;205;2;1.08;4;1;Acorns;10
20260623;206;3;0.59;5;1;Roots;10
20260623;207;3;8.91;5;1;Moss;10
20260623;208;4;0.66;4;0;Grouse;10
20260623;209;2;14.32;2;1;Berries;10
20260624;201;1;1.34;4;0;Rabbit;6
20260624;202;3;24;4;1;Lichen;6
20260624;203;3;6.42;4;1;Berries;6
20260624;204;1;4.99;4;1;Roe Deer Fawn;6
20260624;205;2;0.22;3;1;Beetle;6
20260624;206;3;0.47;4;0;Roots;6
20260624;207;3;5.06;3;1;Herbs;6
20260624;208;4;0.18;4;1;Ptarmigan;6
20260624;209;2;7.71;0;0;Roe Deer Fawn;6
20260625;201;1;0.97;2;0;Hare;3
20260625;202;3;13.87;5;0;Bark;3
20260625;203;3;3.1;3;1;Clover;3
20260625;204;1;3.62;2;1;Hare;3
20260625;205;2;1.69;1;1;Berries;3
20260625;206;3;0.42;1;0;Dandelion;3
20260625;207;3;10.17;2;1;Herbs;3
20260625;208;4;0.98;2;1;Grouse;3
20260625;209;2;29.49;4;1;Berries;3
20260626;201;1;1.48;4;1;Grouse;8
20260626;202;3;24.16;5;1;Lichen;8
20260626;203;3;6.68;2;1;Mushroom;8
20260626;204;1;4.89;1;1;Chamois Kid;8
20260626;205;2;0.44;0;0;Earthworm;8
20260626;206;3;1.13;5;0;Roots;8
20260626;207;3;4.95;0;1;Moss;8
20260626;208;4;0.24;1;1;Grouse;8
20260626;209;2;21.06;4;0;Honey;8
20260627;201;1;2.31;1;0;Mouse;9
20260627;202;3;24.68;0;1;Lichen;9
20260627;203;3;1.93;0;0;Mushroom;9
20260627;204;1;2.82;5;1;Marmot;9
20260627;205;2;0.4;5;1;Berries;9
20260627;206;3;1.46;3;1;Alpine Grass;9
20260627;207;3;4.88;1;1;Lichen;9
20260627;208;4;0.78;1;0;Fish;9
20260627;209;2;16.85;3;0;Roots;9
20260628;201;1;1.93;4;1;Vole;7
20260628;202;3;11.77;0;1;Moss;7
20260628;203;3;6.99;4;0;Clover;7
20260628;204;1;4.87;3;1;Marmot;7
20260628;205;2;1.46;4;0;Beetle;7
20260628;206;3;0.31;0;1;Clover;7
20260628;207;3;6.61;4;1;Herbs;7
20260628;208;4;0.24;2;1;Grouse;7
20260628;209;2;28.89;5;1;Fish;7
20260629;201;1;1.54;3;1;Grouse;7
20260629;202;3;14.77;2;1;Clover;7
20260629;203;3;3.68;4;1;Grass;7
20260629;204;1;2.04;4;1;Grouse;7
20260629;205;2;1;3;1;Earthworm;7
20260629;206;3;0.92;4;1;Clover;7
20260629;207;3;4.47;3;1;Moss;7
20260629;208;4;0.74;1;1;Marmot;7
20260629;209;2;19.38;0;0;Berries;7
20260630;201;1;1.07;3;1;Vole;9
20260630;202;3;6.74;0;0;Alpine Grass;9
20260630;203;3;4.5;5;1;Grass;9
20260630;204;1;3.74;3;1;Marmot;9
20260630;205;2;0.53;0;1;Earthworm;9
20260630;206;3;0.28;4;1;Roots;9
20260630;207;3;10.3;3;0;Herbs;9
20260630;208;4;0.62;4;0;Grouse;9
20260630;209;2;17.6;0;0;Roe Deer Fawn;9
20260701;201;1;2.36;2;1;Rabbit;9
20260701;202;3;10.8;4;1;Moss;9
20260701;203;3;5.01;0;1;Berries;9
20260701;204;1;2.63;2;0;Chamois Kid;9
20260701;205;2;0.33;4;1;Berries;9
20260701;206;3;1.18;1;1;Roots;9
20260701;207;3;5.08;2;1;Moss;9
20260701;208;4;0.14;4;1;Ptarmigan;9
20260701;209;2;19.01;5;0;Honey;9
20260702;201;1;1.72;5;0;Mouse;1
20260702;202;3;11.01;1;1;Clover;1
20260702;203;3;3.34;0;1;Clover;1
20260702;204;1;2.21;2;1;Hare;1
20260702;205;2;0.56;0;1;Acorns;1
20260702;206;3;1.13;1;1;Alpine Grass;1
20260702;207;3;10.7;3;1;Lichen;1
20260702;208;4;0.38;5;1;Marmot;1
20260702;209;2;19.37;1;1;Roe Deer Fawn;1
20260703;201;1;1.01;2;0;Grouse;5
20260703;202;3;16.66;5;0;Clover;5
20260703;203;3;6.12;4;0;Clover;5
20260703;204;1;4.49;2;1;Marmot;5
20260703;205;2;1.15;2;1;Earthworm;5
20260703;206;3;0.19;3;1;Dandelion;5
20260703;207;3;3.86;0;0;Moss;5
20260703;208;4;0.33;2;0;Marmot;5
20260703;209;2;20.57;0;1;Roots;5
20260704;201;1;0.43;0;0;Rabbit;7
20260704;202;3;20.3;0;1;Lichen;7
20260704;203;3;3.97;2;1;Acorns;7
20260704;204;1;3.13;0;1;Roe Deer Fawn;7
20260704;205;2;1.64;2;1;Acorns;7
20260704;206;3;0.9;5;1;Seeds;7
20260704;207;3;8.98;0;0;Moss;7
20260704;208;4;0.36;2;1;Ptarmigan;7
20260704;209;2;10.3;0;1;Fish;7
20260705;201;1;1.54;1;1;Hare;2
20260705;202;3;23.92;4;1;Moss;2
20260705;203;3;7.82;4;1;Clover;2
20260705;204;1;4.94;4;1;Roe Deer Fawn;2
20260705;205;2;1.64;0;0;Berries;2
20260705;206;3;1.03;4;1;Roots;2
20260705;207;3;4.87;1;1;Moss;2
20260705;208;4;0.21;2;1;Ptarmigan;2
20260705;209;2;22;5;0;Berries;2
20260706;201;1;0.39;3;0;Grouse;5
20260706;202;3;23.43;4;0;Bark;5
20260706;203;3;4.79;1;1;Clover;5
20260706;204;1;2.67;2;1;Chamois Kid;5
20260706;205;2;1.21;2;1;Rabbit;5
20260706;206;3;0.74;3;1;Roots;5
20260706;207;3;11.87;3;1;Clover;5
20260706;208;4;0.85;2;0;Ptarmigan;5
20260706;209;2;20.39;3;1;Fish;5
20260707;201;1;2;4;0;Rabbit;1
20260707;202;3;6.71;4;1;Clover;1
20260707;203;3;5.22;4;0;Berries;1
20260707;204;1;2.36;0;1;Hare;1
20260707;205;2;1.17;5;1;Acorns;1
20260707;206;3;0.55;5;0;Alpine Grass;1
20260707;207;3;3.74;5;0;Clover;1
20260707;208;4;0.15;2;1;Grouse;1
20260707;209;2;19.68;0;1;Roots;1
20260708;201;1;0.48;2;1;Grouse;7
20260708;202;3;15.73;2;1;Lichen;7
20260708;203;3;5.89;2;1;Acorns;7
20260708;204;1;1.39;0;1;Chamois Kid;7
20260708;205;2;1.1;4;1;Rabbit;7
20260708;206;3;1.39;2;0;Seeds;7
20260708;207;3;9.09;1;0;Herbs;7
20260708;208;4;0.46;5;0;Hare;7
20260708;209;2;23.72;5;1;Roots;7
20260709;201;1;0.49;4;1;Rabbit;7
20260709;202;3;20.16;2;1;Moss;7
20260709;203;3;5.5;5;1;Clover;7
20260709;204;1;2.51;0;1;Grouse;7
20260709;205;2;0.75;4;1;Beetle;7
20260709;206;3;0.33;0;0;Clover;7
20260709;207;3;11.79;0;1;Clover;7
20260709;208;4;0.14;5;0;Grouse;7
20260709;209;2;5.11;3;1;Roe Deer Fawn;7
20260710;201;1;2.38;0;1;Hare;5
20260710;202;3;6.25;0;0;Moss;5
20260710;203;3;6.18;0;1;Mushroom;5
20260710;204;1;2.73;2;0;Marmot;5
20260710;205;2;0.83;2;1;Rabbit;5
20260710;206;3;0.34;2;1;Seeds;5
20260710;207;3;4.61;3;1;Moss;5
20260710;208;4;0.79;1;1;Grouse;5
20260710;209;2;14.65;2;1;Honey;5
20260711;201;1;1.73;0;0;Vole;8
20260711;202;3;16.66;1;0;Bark;8
20260711;203;3;4.69;3;1;Clover;8
20260711;204;1;4.48;3;0;Hare;8
20260711;205;2;1.16;1;1;Rabbit;8
20260711;206;3;0.52;2;1;Clover;8
20260711;207;3;7.77;5;1;Clover;8
20260711;208;4;0.26;2;1;Marmot;8
20260711;209;2;20.1;0;1;Fish;8
20260712;201;1;1.14;3;0;Hare;9
20260712;202;3;21;4;1;Clover;9
20260712;203;3;5.56;5;1;Berries;9
20260712;204;1;1.82;5;0;Grouse;9
20260712;205;2;0.38;2;0;Berries;9
20260712;206;3;1.17;3;1;Seeds;9
20260712;207;3;9.24;4;0;Moss;9
20260712;208;4;0.41;2;1;Fish;9
20260712;209;2;26.8;3;0;Roots;9
20260713;201;1;1.89;3;1;Rabbit;3
20260713;202;3;24.95;5;0;Alpine Grass;3
20260713;203;3;6.81;5;1;Acorns;3
20260713;204;1;1.78;3;1;Hare;3
20260713;205;2;1.48;0;1;Acorns;3
20260713;206;3;0.81;0;0;Seeds;3
20260713;207;3;5.82;5;0;Alpine Grass;3
20260713;208;4;0.6;3;1;Grouse;3
20260713;209;2;19.56;3;1;Roe Deer Fawn;3
20260714;201;1;0.59;4;1;Rabbit;5
20260714;202;3;18.88;5;1;Lichen;5
20260714;203;3;7.74;0;1;Grass;5
20260714;204;1;2.9;0;1;Chamois Kid;5
20260714;205;2;1.46;4;1;Beetle;5
20260714;206;3;0.28;1;0;Seeds;5
20260714;207;3;3.12;2;0;Clover;5
20260714;208;4;0.88;0;1;Marmot;5
20260714;209;2;21.89;0;1;Fish;5
20260715;201;1;1.18;4;0;Mouse;2
20260715;202;3;7.73;2;1;Alpine Grass;2
20260715;203;3;6.75;0;1;Clover;2
20260715;204;1;2.54;5;1;Marmot;2
20260715;205;2;1.15;1;1;Berries;2
20260715;206;3;1.32;3;0;Seeds;2
20260715;207;3;6.14;3;1;Lichen;2
20260715;208;4;0.88;3;1;Ptarmigan;2
20260715;209;2;9.1;0;0;Roe Deer Fawn;2
20260716;201;1;0.33;5;1;Vole;6
20260716;202;3;17.52;1;1;Moss;6
20260716;203;3;3.26;2;0;Acorns;6
20260716;204;1;2.78;0;1;Marmot;6
20260716;205;2;1.26;1;1;Rabbit;6
20260716;206;3;0.74;0;1;Dandelion;6
20260716;207;3;5.15;1;0;Moss;6
20260716;208;4;0.9;5;0;Ptarmigan;6
20260716;209;2;29.95;0;1;Fish;6
20260717;201;1;1.55;1;0;Grouse;2
20260717;202;3;24.21;0;0;Lichen;2
20260717;203;3;7.79;2;1;Acorns;2
20260717;204;1;4.77;3;1;Hare;2
20260717;205;2;0.81;0;1;Rabbit;2
20260717;206;3;0.54;5;0;Roots;2
20260717;207;3;9.64;5;0;Clover;2
20260717;208;4;0.69;3;0;Grouse;2
20260717;209;2;13.94;3;0;Berries;2
20260718;201;1;1.89;3;1;Mouse;6
20260718;202;3;23.37;1;1;Bark;6
20260718;203;3;7.25;5;1;Berries;6
20260718;204;1;1.52;3;0;Hare;6
20260718;205;2;1.76;4;1;Acorns;6
20260718;206;3;0.63;0;0;Seeds;6
20260718;207;3;11.11;5;0;Alpine Grass;6
20260718;208;4;0.81;2;1;Ptarmigan;6
20260718;209;2;23.21;5;1;Honey;6
20260719;201;1;0.49;2;1;Rabbit;1
20260719;202;3;7.82;5;1;Bark;1
20260719;203;3;6.57;3;1;Grass;1
20260719;204;1;1.39;2;1;Chamois Kid;1
20260719;205;2;0.52;0;1;Beetle;1
20260719;206;3;0.4;2;1;Roots;1
20260719;207;3;9.88;0;1;Lichen;1
20260719;208;4;0.83;4;0;Marmot;1
20260719;209;2;15.84;3;1;Honey;1
20260720;201;1;1.21;1;0;Mouse;10
20260720;202;3;20.43;0;1;Clover;10
20260720;203;3;6.7;4;1;Acorns;10
20260720;204;1;1.62;3;1;Roe Deer Fawn;10
20260720;205;2;0.59;4;1;Rabbit;10
20260720;206;3;1.13;4;0;Clover;10
20260720;207;3;6.33;0;0;Clover;10
20260720;208;4;0.93;5;1;Grouse;10
20260720;209;2;12.96;2;1;Roe Deer Fawn;10
20260721;201;1;0.61;2;1;Rabbit;4
20260721;202;3;16.44;5;0;Lichen;4
20260721;203;3;6.81;3;0;Grass;4
20260721;204;1;1.11;1;1;Roe Deer Fawn;4
20260721;205;2;1.97;1;1;Earthworm;4
20260721;206;3;1.37;5;1;Alpine Grass;4
20260721;207;3;3.61;2;1;Alpine Grass;4
20260721;208;4;0.27;2;1;Grouse;4
20260721;209;2;28.2;4;0;Fish;4
20260722;201;1;2.17;0;1;Hare;3
20260722;202;3;20.53;3;1;Bark;3
20260722;203;3;7.83;5;1;Mushroom;3
20260722;204;1;3.11;2;0;Roe Deer Fawn;3
20260722;205;2;1.56;2;0;Acorns;3
20260722;206;3;0.52;3;0;Alpine Grass;3
20260722;207;3;5.19;2;1;Herbs;3
20260722;208;4;0.45;2;0;Marmot;3
20260722;209;2;12.96;5;0;Berries;3
20260723;201;1;1.11;0;0;Vole;10
20260723;202;3;8.62;0;1;Clover;10
20260723;203;3;2.83;3;0;Berries;10
20260723;204;1;3.82;1;0;Marmot;10
20260723;205;2;1.18;5;0;Earthworm;10
20260723;206;3;1.12;3;1;Alpine Grass;10
20260723;207;3;8.1;2;1;Lichen;10
20260723;208;4;0.56;3;1;Marmot;10
20260723;209;2;9.14;0;1;Fish;10
20260724;201;1;1.9;0;1;Rabbit;10
20260724;202;3;19.76;0;1;Clover;10
20260724;203;3;4.42;4;0;Clover;10
20260724;204;1;2.37;4;0;Marmot;10
20260724;205;2;0.25;1;1;Berries;10
20260724;206;3;0.37;3;1;Dandelion;10
20260724;207;3;11.79;4;1;Alpine Grass;10
20260724;208;4;0.87;1;1;Grouse;10
20260724;209;2;29.25;4;1;Roe Deer Fawn;10
20260725;201;1;1.24;5;1;Hare;10
20260725;202;3;19.76;0;1;Clover;10
20260725;203;3;4.64;0;1;Berries;10
20260725;204;1;2.62;0;1;Hare;10
20260725;205;2;1.18;4;0;Rabbit;10
20260725;206;3;1.28;3;1;Dandelion;10
20260725;207;3;8.81;3;0;Alpine Grass;10
20260725;208;4;0.54;0;1;Fish;10
20260725;209;2;10.17;5;1;Fish;10
20260726;201;1;0.51;2;1;Grouse;4
20260726;202;3;11;2;1;Bark;4
20260726;203;3;4.91;2;0;Acorns;4
20260726;204;1;1.97;2;0;Marmot;4
20260726;205;2;0.89;0;1;Earthworm;4
20260726;206;3;0.2;0;0;Roots;4
20260726;207;3;9.13;4;1;Moss;4
20260726;208;4;0.86;2;1;Ptarmigan;4
20260726;209;2;22.85;1;1;Fish;4
20260727;201;1;1.49;3;0;Mouse;8
20260727;202;3;16.74;0;0;Bark;8
20260727;203;3;4.67;1;1;Berries;8
20260727;204;1;2.33;4;1;Marmot;8
20260727;205;2;0.53;1;0;Beetle;8
20260727;206;3;0.69;1;1;Alpine Grass;8
20260727;207;3;11.66;5;0;Herbs;8
20260727;208;4;0.69;5;0;Fish;8
20260727;209;2;23.19;5;1;Honey;8
20260728;201;1;1.82;2;1;Vole;7
20260728;202;3;6.2;1;1;Moss;7
20260728;203;3;2.73;3;1;Acorns;7
20260728;204;1;3.96;3;1;Chamois Kid;7
20260728;205;2;0.35;2;0;Earthworm;7
20260728;206;3;0.12;2;1;Roots;7
20260728;207;3;4.64;1;1;Alpine Grass;7
20260728;208;4;0.74;4;1;Fish;7
20260728;209;2;10.4;0;1;Roe Deer Fawn;7
20260729;201;1;0.54;2;0;Vole;3
20260729;202;3;13.44;4;1;Moss;3
20260729;203;3;2.18;5;1;Clover;3
20260729;204;1;3.46;3;1;Hare;3
20260729;205;2;1.15;3;0;Acorns;3
20260729;206;3;1.41;5;1;Seeds;3
20260729;207;3;6.13;5;1;Alpine Grass;3
20260729;208;4;0.59;3;1;Marmot;3
20260729;209;2;6.7;0;1;Roe Deer Fawn;3
20260730;201;1;0.34;3;1;Vole;4
20260730;202;3;11.13;0;1;Alpine Grass;4
20260730;203;3;7.93;0;0;Mushroom;4
20260730;204;1;2.94;4;1;Roe Deer Fawn;4
20260730;205;2;1.89;1;0;Rabbit;4
20260730;206;3;0.64;3;1;Clover;4
20260730;207;3;6.86;0;1;Clover;4
20260730;208;4;0.42;0;1;Grouse;4
20260730;209;2;17.69;1;1;Berries;4
20260731;201;1;1.89;3;1;Rabbit;8
20260731;202;3;13.97;2;1;Clover;8
20260731;203;3;1.78;0;1;Clover;8
20260731;204;1;4.4;0;1;Grouse;8
20260731;205;2;0.93;5;1;Earthworm;8
20260731;206;3;0.51;4;0;Dandelion;8
20260731;207;3;3.67;4;1;Moss;8
20260731;208;4;0.47;2;0;Marmot;8
20260731;209;2;14.45;2;0;Roots;8
20260801;201;1;0.67;5;0;Rabbit;3
20260801;202;3;24;2;0;Moss;3
20260801;203;3;2.28;3;1;Berries;3
20260801;204;1;4.47;0;0;Roe Deer Fawn;3
20260801;205;2;1.86;2;1;Rabbit;3
20260801;206;3;0.55;2;1;Dandelion;3
20260801;207;3;5.36;5;1;Moss;3
20260801;208;4;0.73;4;1;Fish;3
20260801;209;2;11.01;3;0;Roe Deer Fawn;3
20260802;201;1;1.64;2;0;Vole;1
20260802;202;3;23.08;5;0;Bark;1
20260802;203;3;1.82;3;1;Clover;1
20260802;204;1;1.17;2;0;Chamois Kid;1
20260802;205;2;0.6;5;1;Beetle;1
20260802;206;3;1.23;1;1;Roots;1
20260802;207;3;5.6;5;0;Alpine Grass;1
20260802;208;4;0.17;2;0;Fish;1
20260802;209;2;11.08;0;0;Berries;1
20260803;201;1;0.87;2;1;Mouse;7
20260803;202;3;17.25;1;1;Alpine Grass;7
20260803;203;3;5.97;3;0;Grass;7
20260803;204;1;3.79;0;1;Hare;7
20260803;205;2;1.44;1;0;Beetle;7
20260803;206;3;0.82;5;1;Seeds;7
20260803;207;3;4.51;4;1;Alpine Grass;7
20260803;208;4;0.56;4;1;Marmot;7
20260803;209;2;5.05;3;1;Honey;7
20260804;201;1;2.48;1;0;Rabbit;5
20260804;202;3;17.74;3;0;Bark;5
20260804;203;3;7.02;2;0;Acorns;5
20260804;204;1;2.8;3;1;Grouse;5
20260804;205;2;1.5;0;1;Rabbit;5
20260804;206;3;1.17;0;1;Dandelion;5
20260804;207;3;4.91;4;1;Moss;5
20260804;208;4;0.27;1;0;Marmot;5
20260804;209;2;5.31;5;1;Berries;5
20260805;201;1;1.98;5;0;Hare;3
20260805;202;3;17.67;1;1;Clover;3
20260805;203;3;4.16;0;0;Clover;3
20260805;204;1;1.67;1;1;Hare;3
20260805;205;2;0.36;4;1;Beetle;3
20260805;206;3;0.89;2;1;Seeds;3
20260805;207;3;8.39;4;1;Clover;3
20260805;208;4;0.33;4;1;Fish;3
20260805;209;2;22.99;4;1;Fish;3
20260806;201;1;2.01;0;1;Mouse;2
20260806;202;3;7.25;4;1;Lichen;2
20260806;203;3;4.78;0;0;Acorns;2
20260806;204;1;2.91;5;0;Grouse;2
20260806;205;2;1.46;4;1;Acorns;2
20260806;206;3;0.86;0;1;Seeds;2
20260806;207;3;4.63;0;1;Lichen;2
20260806;208;4;0.47;2;1;Hare;2
20260806;209;2;8.29;2;0;Honey;2
20260807;201;1;2.47;2;1;Mouse;1
20260807;202;3;7.72;0;1;Lichen;1
20260807;203;3;4.74;4;1;Clover;1
20260807;204;1;4.98;0;0;Hare;1
20260807;205;2;0.85;3;1;Beetle;1
20260807;206;3;0.2;1;1;Alpine Grass;1
20260807;207;3;3.09;1;0;Lichen;1
20260807;208;4;0.72;3;0;Grouse;1
20260807;209;2;23.84;5;1;Fish;1
20260808;201;1;1.5;2;1;Vole;9
20260808;202;3;9.3;4;0;Moss;9
20260808;203;3;4.24;2;1;Berries;9
20260808;204;1;4.03;4;1;Marmot;9
20260808;205;2;0.65;5;1;Rabbit;9
20260808;206;3;0.66;2;1;Alpine Grass;9
20260808;207;3;4.87;5;1;Moss;9
20260808;208;4;0.31;2;0;Hare;9
20260808;209;2;24.6;4;1;Berries;9
20260809;201;1;0.86;5;1;Hare;8
20260809;202;3;12.74;3;1;Moss;8
20260809;203;3;2.5;5;1;Clover;8
20260809;204;1;5;3;1;Grouse;8
20260809;205;2;1.59;2;0;Rabbit;8
20260809;206;3;1.41;5;1;Seeds;8
20260809;207;3;8.1;3;0;Clover;8
20260809;208;4;0.22;3;0;Fish;8
20260809;209;2;23.55;5;1;Berries;8
20260810;201;1;2.13;0;1;Vole;3
20260810;202;3;13.88;0;1;Alpine Grass;3
20260810;203;3;5.92;1;1;Grass;3
20260810;204;1;2.45;0;0;Marmot;3
20260810;205;2;1.48;4;1;Rabbit;3
20260810;206;3;1.14;0;1;Dandelion;3
20260810;207;3;7.42;2;1;Herbs;3
20260810;208;4;0.89;2;0;Ptarmigan;3
20260810;209;2;26.39;4;1;Honey;3
20260811;201;1;0.91;2;1;Rabbit;5
20260811;202;3;19.72;5;0;Alpine Grass;5
20260811;203;3;1.96;4;1;Acorns;5
20260811;204;1;2.34;0;0;Hare;5
20260811;205;2;1.23;2;1;Earthworm;5
20260811;206;3;0.35;4;1;Dandelion;5
20260811;207;3;3.08;1;0;Alpine Grass;5
20260811;208;4;0.46;2;1;Marmot;5
20260811;209;2;27.21;1;1;Fish;5
20260812;201;1;0.43;0;0;Rabbit;7
20260812;202;3;14.83;2;1;Bark;7
20260812;203;3;2.79;3;0;Mushroom;7
20260812;204;1;4.72;1;0;Roe Deer Fawn;7
20260812;205;2;0.65;1;1;Rabbit;7
20260812;206;3;0.45;2;1;Dandelion;7
20260812;207;3;4.48;4;1;Alpine Grass;7
20260812;208;4;0.6;4;0;Grouse;7
20260812;209;2;26.53;5;1;Honey;7
20260813;201;1;1.71;4;0;Mouse;6
20260813;202;3;17.87;4;1;Alpine Grass;6
20260813;203;3;2.76;2;0;Berries;6
20260813;204;1;4.58;3;1;Grouse;6
20260813;205;2;1.56;2;1;Rabbit;6
20260813;206;3;0.97;2;1;Seeds;6
20260813;207;3;8.32;2;1;Lichen;6
20260813;208;4;0.75;0;1;Grouse;6
20260813;209;2;22.74;3;1;Honey;6
20260814;201;1;0.85;3;1;Grouse;4
20260814;202;3;16.28;5;0;Moss;4
20260814;203;3;5.75;3;0;Grass;4
20260814;204;1;4.05;0;1;Grouse;4
20260814;205;2;0.29;5;0;Acorns;4
20260814;206;3;0.89;4;0;Dandelion;4
20260814;207;3;4.97;1;0;Lichen;4
20260814;208;4;0.38;4;0;Marmot;4
20260814;209;2;14.6;3;1;Roots;4
20260815;201;1;1.4;0;1;Rabbit;1
20260815;202;3;6.18;5;1;Alpine Grass;1
20260815;203;3;2.82;5;1;Berries;1
20260815;204;1;4.52;3;1;Chamois Kid;1
20260815;205;2;1.41;4;1;Beetle;1
20260815;206;3;0.35;4;0;Roots;1
20260815;207;3;9.58;2;1;Clover;1
20260815;208;4;0.24;4;0;Grouse;1
20260815;209;2;24.63;5;1;Roe Deer Fawn;1
20260816;201;1;0.98;3;1;Hare;9
20260816;202;3;10.01;0;0;Alpine Grass;9
20260816;203;3;1.97;2;0;Acorns;9
20260816;204;1;3.77;4;1;Grouse;9
20260816;205;2;1.06;4;1;Berries;9
20260816;206;3;0.84;5;1;Alpine Grass;9
20260816;207;3;5.86;0;1;Moss;9
20260816;208;4;0.44;3;0;Marmot;9
20260816;209;2;23.49;2;1;Fish;9
20260817;201;1;1.8;5;1;Grouse;9
20260817;202;3;20.06;3;1;Bark;9
20260817;203;3;6.14;2;0;Berries;9
20260817;204;1;3.68;1;0;Marmot;9
20260817;205;2;0.44;2;1;Berries;9
20260817;206;3;1.09;1;0;Seeds;9
20260817;207;3;8.51;4;1;Lichen;9
20260817;208;4;0.99;5;0;Hare;9
20260817;209;2;17.42;0;1;Roe Deer Fawn;9
20260818;201;1;2.08;4;0;Grouse;1
20260818;202;3;9.33;3;1;Clover;1
20260818;203;3;2.9;4;0;Mushroom;1
20260818;204;1;2.31;3;0;Grouse;1
20260818;205;2;1.05;0;1;Berries;1
20260818;206;3;0.21;2;0;Clover;1
20260818;207;3;7.4;4;1;Clover;1
20260818;208;4;0.78;5;1;Ptarmigan;1
20260818;209;2;8.83;4;0;Honey;1
20260819;201;1;2.45;2;1;Hare;3
20260819;202;3;11.94;2;0;Alpine Grass;3
20260819;203;3;4.57;3;0;Clover;3
20260819;204;1;2.79;0;1;Hare;3
20260819;205;2;0.53;5;1;Berries;3
20260819;206;3;1.46;1;1;Roots;3
20260819;207;3;6;3;0;Alpine Grass;3
20260819;208;4;0.83;4;1;Hare;3
20260819;209;2;18.36;3;1;Roots;3
20260820;201;1;0.43;4;1;Grouse;7
20260820;202;3;7.05;0;0;Lichen;7
20260820;203;3;2.25;1;1;Berries;7
20260820;204;1;1.36;5;1;Grouse;7
20260820;205;2;1.68;1;1;Earthworm;7
20260820;206;3;1.36;1;1;Alpine Grass;7
20260820;207;3;10.91;1;1;Alpine Grass;7
20260820;208;4;0.12;3;1;Ptarmigan;7
20260820;209;2;13.85;4;0;Fish;7
20260821;201;1;1.96;5;0;Mouse;6
20260821;202;3;11.07;1;0;Clover;6
20260821;203;3;5.1;4;1;Mushroom;6
20260821;204;1;2.69;4;0;Grouse;6
20260821;205;2;1.14;4;1;Acorns;6
20260821;206;3;1.18;0;1;Clover;6
20260821;207;3;4.2;2;1;Lichen;6
20260821;208;4;0.5;1;0;Fish;6
20260821;209;2;16.18;2;0;Honey;6
20260822;201;1;2.25;3;0;Rabbit;4
20260822;202;3;23.76;1;1;Bark;4
20260822;203;3;2.31;3;1;Berries;4
20260822;204;1;3.78;4;1;Chamois Kid;4
20260822;205;2;0.83;4;1;Earthworm;4
20260822;206;3;1.44;0;1;Seeds;4
20260822;207;3;9.66;4;0;Clover;4
20260822;208;4;0.99;2;0;Grouse;4
20260822;209;2;28.09;2;1;Berries;4
20260823;201;1;1.03;4;1;Mouse;7
20260823;202;3;15.04;0;1;Moss;7
20260823;203;3;1.68;4;1;Grass;7
20260823;204;1;2.84;0;1;Hare;7
20260823;205;2;0.84;2;1;Berries;7
20260823;206;3;0.68;5;0;Alpine Grass;7
20260823;207;3;4.77;5;1;Lichen;7
20260823;208;4;0.31;3;0;Marmot;7
20260823;209;2;24.34;4;0;Roe Deer Fawn;7
20260824;201;1;2.15;2;0;Grouse;9
20260824;202;3;5.65;4;0;Bark;9
20260824;203;3;7.93;3;1;Berries;9
20260824;204;1;1.83;3;0;Grouse;9
20260824;205;2;0.95;1;1;Berries;9
20260824;206;3;1.2;0;1;Clover;9
20260824;207;3;6.2;2;1;Lichen;9
20260824;208;4;0.28;3;1;Marmot;9
20260824;209;2;22.88;3;1;Roe Deer Fawn;9
20260825;201;1;2.13;2;0;Vole;8
20260825;202;3;6.82;1;0;Clover;8
20260825;203;3;2.03;0;1;Clover;8
20260825;204;1;2.46;2;1;Hare;8
20260825;205;2;0.58;0;1;Acorns;8
20260825;206;3;1.12;3;1;Clover;8
20260825;207;3;7.67;4;1;Herbs;8
20260825;208;4;0.35;4;1;Marmot;8
20260825;209;2;8.17;0;1;Roe Deer Fawn;8
20260826;201;1;1.63;4;1;Mouse;4
20260826;202;3;6.03;1;1;Lichen;4
20260826;203;3;4.02;5;0;Grass;4
20260826;204;1;3.24;3;1;Marmot;4
20260826;205;2;0.45;5;0;Berries;4
20260826;206;3;1.37;3;1;Roots;4
20260826;207;3;7.7;0;0;Lichen;4
20260826;208;4;0.92;0;0;Grouse;4
20260826;209;2;21.75;0;1;Fish;4
20260827;201;1;1.38;4;0;Mouse;10
20260827;202;3;19.19;0;1;Alpine Grass;10
20260827;203;3;5.45;4;0;Clover;10
20260827;204;1;2.43;5;0;Chamois Kid;10
20260827;205;2;0.33;2;0;Beetle;10
20260827;206;3;1.49;4;0;Roots;10
20260827;207;3;11.88;3;1;Lichen;10
20260827;208;4;0.53;3;1;Fish;10
20260827;209;2;9.73;4;1;Fish;10
20260828;201;1;1.54;1;1;Rabbit;10
20260828;202;3;19.32;5;0;Alpine Grass;10
20260828;203;3;3.74;3;0;Clover;10
20260828;204;1;2.77;3;1;Hare;10
20260828;205;2;0.27;5;1;Berries;10
20260828;206;3;0.64;1;0;Seeds;10
20260828;207;3;5.58;3;0;Clover;10
20260828;208;4;0.39;5;1;Hare;10
20260828;209;2;24.91;2;1;Fish;10
20260829;201;1;2.08;1;1;Hare;6
20260829;202;3;21.02;3;0;Clover;6
20260829;203;3;4.39;0;1;Acorns;6
20260829;204;1;2.34;0;1;Grouse;6
20260829;205;2;1.42;3;0;Earthworm;6
20260829;206;3;1.05;1;0;Roots;6
20260829;207;3;11.78;4;1;Herbs;6
20260829;208;4;0.72;2;0;Marmot;6
20260829;209;2;16.08;5;0;Roots;6
20260830;201;1;2.28;3;1;Vole;9
20260830;202;3;13.42;5;1;Alpine Grass;9
20260830;203;3;5.58;5;1;Mushroom;9
20260830;204;1;2.56;0;1;Roe Deer Fawn;9
20260830;205;2;0.51;5;1;Earthworm;9
20260830;206;3;0.16;4;0;Alpine Grass;9
20260830;207;3;4.3;3;0;Herbs;9
20260830;208;4;0.87;1;1;Fish;9
20260830;209;2;29.77;0;1;Roe Deer Fawn;9
20260831;201;1;0.39;1;1;Rabbit;8
20260831;202;3;18.88;2;1;Moss;8
20260831;203;3;7.87;1;0;Grass;8
20260831;204;1;4.64;1;0;Marmot;8
20260831;205;2;1.16;4;0;Rabbit;8
20260831;206;3;0.66;5;1;Seeds;8
20260831;207;3;8.51;1;1;Moss;8
20260831;208;4;0.82;5;0;Hare;8
20260831;209;2;26.69;2;0;Roots;8
20260901;201;1;1.87;2;1;Vole;3
20260901;202;3;13.8;0;0;Bark;3
20260901;203;3;6.53;5;1;Grass;3
20260901;204;1;2.14;2;1;Marmot;3
20260901;205;2;0.9;2;0;Rabbit;3
20260901;206;3;0.99;5;1;Roots;3
20260901;207;3;4.63;5;0;Alpine Grass;3
20260901;208;4;0.89;2;1;Marmot;3
20260901;209;2;14.53;2;1;Honey;3
20260902;201;1;1.15;5;1;Rabbit;8
20260902;202;3;22.36;5;0;Lichen;8
20260902;203;3;3.5;3;1;Mushroom;8
20260902;204;1;3.83;2;0;Grouse;8
20260902;205;2;0.53;3;1;Acorns;8
20260902;206;3;0.73;0;1;Alpine Grass;8
20260902;207;3;5.75;5;1;Lichen;8
20260902;208;4;0.85;5;1;Grouse;8
20260902;209;2;28.41;5;0;Fish;8
20260903;201;1;0.44;4;0;Vole;4
20260903;202;3;16.32;5;1;Lichen;4
20260903;203;3;2.45;1;1;Berries;4
20260903;204;1;1.58;1;1;Grouse;4
20260903;205;2;1.06;1;1;Rabbit;4
20260903;206;3;0.97;0;1;Dandelion;4
20260903;207;3;11.16;3;1;Moss;4
20260903;208;4;0.85;5;1;Ptarmigan;4
20260903;209;2;21.6;3;0;Roe Deer Fawn;4
20260904;201;1;2.26;5;0;Vole;9
20260904;202;3;16.15;0;1;Lichen;9
20260904;203;3;1.51;4;1;Mushroom;9
20260904;204;1;3.69;2;1;Marmot;9
20260904;205;2;1.88;4;1;Acorns;9
20260904;206;3;0.97;0;1;Dandelion;9
20260904;207;3;9.82;4;0;Clover;9
20260904;208;4;0.45;4;1;Marmot;9
20260904;209;2;6.33;0;1;Fish;9
20260905;201;1;1.12;0;1;Vole;3
20260905;202;3;21.99;5;1;Moss;3
20260905;203;3;5.81;0;1;Clover;3
20260905;204;1;4.35;4;1;Roe Deer Fawn;3
20260905;205;2;1.83;1;1;Acorns;3
20260905;206;3;1;1;1;Roots;3
20260905;207;3;7;1;0;Alpine Grass;3
20260905;208;4;0.69;5;1;Fish;3
20260905;209;2;11.68;2;1;Roots;3
20260906;201;1;2.17;4;0;Vole;10
20260906;202;3;22.33;0;1;Moss;10
20260906;203;3;3.08;3;0;Acorns;10
20260906;204;1;4.64;0;1;Grouse;10
20260906;205;2;1.1;3;0;Beetle;10
20260906;206;3;1.48;3;1;Seeds;10
20260906;207;3;9.58;5;1;Moss;10
20260906;208;4;0.66;5;1;Marmot;10
20260906;209;2;8.1;1;0;Honey;10
20260907;201;1;1.98;4;0;Mouse;6
20260907;202;3;10.74;1;1;Alpine Grass;6
20260907;203;3;4.33;4;1;Berries;6
20260907;204;1;1.14;4;1;Hare;6
20260907;205;2;1.05;0;0;Earthworm;6
20260907;206;3;0.89;2;1;Clover;6
20260907;207;3;11.27;0;1;Alpine Grass;6
20260907;208;4;0.89;3;1;Marmot;6
20260907;209;2;18.12;2;1;Roe Deer Fawn;6
20260908;201;1;2.44;4;1;Vole;9
20260908;202;3;15.01;1;0;Bark;9
20260908;203;3;2.05;3;0;Berries;9
20260908;204;1;3.61;3;0;Grouse;9
20260908;205;2;0.82;5;1;Acorns;9
20260908;206;3;1.3;2;0;Roots;9
20260908;207;3;7.36;1;1;Alpine Grass;9
20260908;208;4;0.74;0;1;Marmot;9
20260908;209;2;5.6;4;1;Fish;9
20260909;201;1;0.34;0;0;Hare;9
20260909;202;3;14.15;5;1;Clover;9
20260909;203;3;4.96;1;1;Berries;9
20260909;204;1;2.13;1;1;Chamois Kid;9
20260909;205;2;1.85;5;1;Rabbit;9
20260909;206;3;0.9;3;0;Dandelion;9
20260909;207;3;4.99;1;0;Herbs;9
20260909;208;4;0.16;3;1;Marmot;9
20260909;209;2;26.55;5;0;Roe Deer Fawn;9
20260910;201;1;0.81;2;1;Hare;3
20260910;202;3;16.22;5;0;Bark;3
20260910;203;3;4.44;2;1;Grass;3
20260910;204;1;3.66;0;1;Grouse;3
20260910;205;2;1.71;1;1;Acorns;3
20260910;206;3;1.01;2;0;Seeds;3
20260910;207;3;8.2;1;1;Clover;3
20260910;208;4;0.81;4;0;Fish;3
20260910;209;2;18.37;0;1;Honey;3
20260911;201;1;1.88;0;1;Vole;2
20260911;202;3;15.67;4;1;Alpine Grass;2
20260911;203;3;5.41;2;1;Grass;2
20260911;204;1;2.11;0;1;Grouse;2
20260911;205;2;0.21;3;1;Earthworm;2
20260911;206;3;1.11;1;1;Roots;2
20260911;207;3;10.21;0;1;Alpine Grass;2
20260911;208;4;1;4;1;Ptarmigan;2
20260911;209;2;9.75;4;0;Fish;2
20260912;201;1;1.93;0;1;Rabbit;9
20260912;202;3;16.98;5;1;Lichen;9
20260912;203;3;1.96;3;1;Acorns;9
20260912;204;1;4.87;3;1;Grouse;9
20260912;205;2;0.93;2;1;Berries;9
20260912;206;3;0.99;1;1;Alpine Grass;9
20260912;207;3;9.14;1;1;Herbs;9
20260912;208;4;0.14;0;1;Fish;9
20260912;209;2;15.15;0;0;Honey;9
20260913;201;1;1.81;0;0;Rabbit;2
20260913;202;3;15.02;4;1;Alpine Grass;2
20260913;203;3;4.43;0;0;Clover;2
20260913;204;1;3.15;4;1;Hare;2
20260913;205;2;1.32;0;1;Berries;2
20260913;206;3;1;4;1;Alpine Grass;2
20260913;207;3;11.61;2;0;Herbs;2
20260913;208;4;0.8;1;1;Hare;2
20260913;209;2;29.07;4;1;Fish;2
20260914;201;1;0.46;0;1;Hare;4
20260914;202;3;23.79;1;0;Moss;4
20260914;203;3;6.24;3;0;Clover;4
20260914;204;1;2.28;4;1;Grouse;4
20260914;205;2;1.63;2;1;Berries;4
20260914;206;3;0.2;3;0;Seeds;4
20260914;207;3;8.71;1;0;Alpine Grass;4
20260914;208;4;0.96;0;1;Marmot;4
20260914;209;2;6.82;1;1;Berries;4
20260915;201;1;2.33;4;1;Mouse;9
20260915;202;3;15.28;1;1;Bark;9
20260915;203;3;6.77;2;1;Mushroom;9
20260915;204;1;2.68;1;0;Grouse;9
20260915;205;2;1.22;1;1;Earthworm;9
20260915;206;3;1.39;0;1;Alpine Grass;9
20260915;207;3;3.07;3;1;Moss;9
20260915;208;4;0.25;0;0;Hare;9
20260915;209;2;27.23;0;1;Roots;9
20260916;201;1;1.31;3;1;Vole;4
20260916;202;3;21.83;4;1;Moss;4
20260916;203;3;2.71;3;1;Berries;4
20260916;204;1;2.01;3;1;Roe Deer Fawn;4
20260916;205;2;1.9;5;1;Earthworm;4
20260916;206;3;0.83;1;1;Seeds;4
20260916;207;3;5.02;4;1;Clover;4
20260916;208;4;0.31;0;1;Hare;4
20260916;209;2;16.79;2;0;Roots;4
20260917;201;1;2.44;0;0;Hare;1
20260917;202;3;10.64;4;0;Moss;1
20260917;203;3;2.67;5;1;Clover;1
20260917;204;1;1.53;5;0;Roe Deer Fawn;1
20260917;205;2;1.48;4;0;Berries;1
20260917;206;3;1.15;5;0;Alpine Grass;1
20260917;207;3;7.28;3;0;Alpine Grass;1
20260917;208;4;0.71;0;1;Hare;1
20260917;209;2;11.39;0;1;Roe Deer Fawn;1
20260918;201;1;0.93;1;1;Hare;5
20260918;202;3;5.45;0;1;Alpine Grass;5
20260918;203;3;3.25;0;0;Grass;5
20260918;204;1;1.76;4;1;Grouse;5
20260918;205;2;0.23;1;0;Acorns;5
20260918;206;3;0.41;1;1;Seeds;5
20260918;207;3;11.74;5;0;Alpine Grass;5
20260918;208;4;0.28;5;0;Fish;5
20260918;209;2;12.41;3;1;Honey;5
20260919;201;1;2.4;4;1;Rabbit;8
20260919;202;3;24.9;1;1;Bark;8
20260919;203;3;7.13;2;0;Clover;8
20260919;204;1;3.04;1;1;Grouse;8
20260919;205;2;1.85;1;1;Rabbit;8
20260919;206;3;1.1;4;0;Roots;8
20260919;207;3;8.72;5;1;Herbs;8
20260919;208;4;0.25;5;1;Hare;8
20260919;209;2;6.09;0;0;Honey;8
20260920;201;1;1.37;1;0;Mouse;3
20260920;202;3;19.54;0;1;Bark;3
20260920;203;3;7.74;4;1;Grass;3
20260920;204;1;1.31;2;1;Hare;3
20260920;205;2;0.41;0;0;Berries;3
20260920;206;3;1.38;4;0;Seeds;3
20260920;207;3;6.72;4;1;Herbs;3
20260920;208;4;0.97;0;1;Marmot;3
20260920;209;2;7.99;3;1;Roe Deer Fawn;3
20260921;201;1;0.53;5;1;Hare;9
20260921;202;3;7.35;4;0;Bark;9
20260921;203;3;5.39;0;1;Clover;9
20260921;204;1;4.57;5;0;Grouse;9
20260921;205;2;1.9;1;1;Earthworm;9
20260921;206;3;0.54;5;1;Clover;9
20260921;207;3;7.39;5;1;Clover;9
20260921;208;4;0.49;1;1;Fish;9
20260921;209;2;16.15;3;0;Berries;9
20260922;201;1;0.32;4;0;Grouse;6
20260922;202;3;24.66;4;1;Clover;6
20260922;203;3;7.21;0;0;Berries;6
20260922;204;1;2.18;1;0;Marmot;6
20260922;205;2;1.73;3;0;Earthworm;6
20260922;206;3;0.72;0;0;Roots;6
20260922;207;3;11.72;2;0;Moss;6
20260922;208;4;0.69;3;0;Fish;6
20260922;209;2;28.04;2;1;Honey;6
20260923;201;1;0.99;1;0;Vole;6
20260923;202;3;23.79;3;1;Moss;6
20260923;203;3;7.12;0;0;Clover;6
20260923;204;1;1.9;3;1;Grouse;6
20260923;205;2;0.22;0;1;Rabbit;6
20260923;206;3;0.48;5;1;Dandelion;6
20260923;207;3;3.65;3;0;Moss;6
20260923;208;4;0.34;2;1;Hare;6
20260923;209;2;24.99;0;1;Fish;6
20260924;201;1;2.29;3;1;Rabbit;1
20260924;202;3;8.64;0;0;Clover;1
20260924;203;3;5.17;2;0;Grass;1
20260924;204;1;1.26;5;0;Roe Deer Fawn;1
20260924;205;2;0.21;1;1;Berries;1
20260924;206;3;1;0;0;Clover;1
20260924;207;3;3.2;2;1;Clover;1
20260924;208;4;0.89;1;0;Marmot;1
20260924;209;2;23.81;4;0;Honey;1
20260925;201;1;0.33;0;1;Mouse;4
20260925;202;3;10.6;3;0;Clover;4
20260925;203;3;4.13;1;1;Acorns;4
20260925;204;1;1.61;4;1;Roe Deer Fawn;4
20260925;205;2;1.15;2;1;Earthworm;4
20260925;206;3;0.34;2;1;Seeds;4
20260925;207;3;3.17;2;0;Clover;4
20260925;208;4;0.98;3;0;Fish;4
20260925;209;2;23.01;4;1;Fish;4
20260926;201;1;1.01;2;1;Vole;7
20260926;202;3;8.28;3;0;Bark;7
20260926;203;3;5.13;4;1;Grass;7
20260926;204;1;4.92;1;1;Chamois Kid;7
20260926;205;2;0.87;0;1;Beetle;7
20260926;206;3;0.16;2;1;Clover;7
20260926;207;3;10.85;1;1;Herbs;7
20260926;208;4;0.79;5;1;Fish;7
20260926;209;2;19.02;2;0;Berries;7
20260927;201;1;0.49;0;1;Hare;3
20260927;202;3;23.15;2;1;Moss;3
20260927;203;3;1.69;5;1;Acorns;3
20260927;204;1;3;2;1;Hare;3
20260927;205;2;1.91;3;1;Rabbit;3
20260927;206;3;0.6;1;1;Seeds;3
20260927;207;3;4.78;0;1;Clover;3
20260927;208;4;0.73;4;1;Marmot;3
20260927;209;2;15.69;0;0;Berries;3
20260928;201;1;1.75;0;1;Mouse;7
20260928;202;3;14.51;5;0;Lichen;7
20260928;203;3;2.76;1;1;Acorns;7
20260928;204;1;2.34;3;1;Chamois Kid;7
20260928;205;2;1.28;5;1;Earthworm;7
20260928;206;3;0.2;2;1;Roots;7
20260928;207;3;5.64;0;0;Lichen;7
20260928;208;4;0.41;2;1;Marmot;7
20260928;209;2;16.59;4;0;Honey;7
20260929;201;1;0.54;5;1;Hare;1
20260929;202;3;11.84;0;1;Alpine Grass;1
20260929;203;3;5.04;2;0;Mushroom;1
20260929;204;1;4.08;4;0;Hare;1
20260929;205;2;0.33;3;0;Beetle;1
20260929;206;3;0.22;0;1;Dandelion;1
20260929;207;3;10.42;0;1;Herbs;1
20260929;208;4;0.57;1;1;Hare;1
20260929;209;2;11.35;1;1;Roe Deer Fawn;1
20260930;201;1;1.13;4;1;Vole;5
20260930;202;3;20.53;4;1;Alpine Grass;5
20260930;203;3;5.36;3;1;Clover;5
20260930;204;1;3.49;2;0;Roe Deer Fawn;5
20260930;205;2;0.62;5;0;Rabbit;5
20260930;206;3;1.28;5;0;Alpine Grass;5
20260930;207;3;11.18;3;0;Herbs;5
20260930;208;4;0.83;3;1;Hare;5
20260930;209;2;11.78;5;1;Roe Deer Fawn;5
20261001;201;1;0.7;1;0;Hare;9
20261001;202;3;12.82;1;1;Clover;9
20261001;203;3;6.08;5;1;Grass;9
20261001;204;1;2.04;0;0;Hare;9
20261001;205;2;1.11;3;1;Rabbit;9
20261001;206;3;0.47;1;0;Dandelion;9
20261001;207;3;10.74;2;0;Alpine Grass;9
20261001;208;4;0.27;5;1;Grouse;9
20261001;209;2;14;1;0;Roots;9
20261002;201;1;1.95;2;1;Hare;9
20261002;202;3;22;1;1;Clover;9
20261002;203;3;4.92;3;1;Grass;9
20261002;204;1;4.73;4;1;Roe Deer Fawn;9
20261002;205;2;0.84;3;1;Earthworm;9
20261002;206;3;1.14;5;0;Clover;9
20261002;207;3;7.81;0;1;Clover;9
20261002;208;4;0.31;5;0;Fish;9
20261002;209;2;20.16;3;1;Berries;9
20261003;201;1;2.12;2;1;Hare;9
20261003;202;3;9.6;1;1;Lichen;9
20261003;203;3;6.12;1;0;Grass;9
20261003;204;1;3.02;0;1;Roe Deer Fawn;9
20261003;205;2;1.25;0;1;Rabbit;9
20261003;206;3;0.72;0;1;Clover;9
20261003;207;3;6.39;0;1;Lichen;9
20261003;208;4;0.62;4;0;Marmot;9
20261003;209;2;10.36;1;1;Berries;9
20261004;201;1;1.31;3;1;Mouse;1
20261004;202;3;19.38;4;1;Moss;1
20261004;203;3;8;4;1;Grass;1
20261004;204;1;4.64;0;1;Grouse;1
20261004;205;2;1.54;2;1;Berries;1
20261004;206;3;0.92;1;0;Seeds;1
20261004;207;3;5.38;5;0;Herbs;1
20261004;208;4;0.2;0;0;Ptarmigan;1
20261004;209;2;19.8;0;0;Honey;1
20261005;201;1;0.71;4;0;Grouse;4
20261005;202;3;19.02;2;0;Moss;4
20261005;203;3;3.19;4;1;Mushroom;4
20261005;204;1;1.58;2;1;Grouse;4
20261005;205;2;0.99;2;0;Beetle;4
20261005;206;3;1.18;5;1;Roots;4
20261005;207;3;11.62;3;1;Lichen;4
20261005;208;4;0.52;4;1;Fish;4
20261005;209;2;29.05;2;1;Roots;4
20261006;201;1;2.13;5;1;Grouse;4
20261006;202;3;7.51;0;0;Clover;4
20261006;203;3;2.04;5;1;Grass;4
20261006;204;1;3.52;0;1;Grouse;4
20261006;205;2;0.57;3;0;Acorns;4
20261006;206;3;0.82;5;0;Dandelion;4
20261006;207;3;10.09;0;1;Moss;4
20261006;208;4;0.8;5;1;Fish;4
20261006;209;2;10.06;2;1;Honey;4
20261007;201;1;1.44;3;1;Rabbit;4
20261007;202;3;14.28;5;1;Clover;4
20261007;203;3;3.28;5;1;Grass;4
20261007;204;1;4.99;4;1;Chamois Kid;4
20261007;205;2;1.64;5;1;Berries;4
20261007;206;3;0.7;0;1;Dandelion;4
20261007;207;3;6.92;3;0;Clover;4
20261007;208;4;0.7;0;0;Ptarmigan;4
20261007;209;2;6.48;3;1;Roe Deer Fawn;4
20261008;201;1;1;0;0;Rabbit;3
20261008;202;3;5.98;3;0;Alpine Grass;3
20261008;203;3;4.93;4;0;Acorns;3
20261008;204;1;3.3;2;1;Marmot;3
20261008;205;2;1.61;5;1;Berries;3
20261008;206;3;0.83;0;1;Seeds;3
20261008;207;3;5.53;4;0;Moss;3
20261008;208;4;1;1;1;Marmot;3
20261008;209;2;28.53;0;1;Roots;3
20261009;201;1;0.82;2;1;Hare;10
20261009;202;3;13.09;5;1;Alpine Grass;10
20261009;203;3;5.23;0;1;Berries;10
20261009;204;1;4.46;1;1;Chamois Kid;10
20261009;205;2;0.7;4;0;Earthworm;10
20261009;206;3;0.61;1;0;Clover;10
20261009;207;3;8.62;0;0;Clover;10
20261009;208;4;0.14;4;1;Fish;10
20261009;209;2;26;4;1;Honey;10
20261010;201;1;0.37;0;0;Vole;10
20261010;202;3;16.08;4;1;Lichen;10
20261010;203;3;2.71;0;1;Mushroom;10
20261010;204;1;4.38;3;0;Chamois Kid;10
20261010;205;2;1.37;3;1;Earthworm;10
20261010;206;3;0.41;0;1;Dandelion;10
20261010;207;3;7.32;0;1;Lichen;10
20261010;208;4;0.77;4;0;Grouse;10
20261010;209;2;29.76;1;0;Roots;10
20261011;201;1;0.36;4;1;Hare;10
20261011;202;3;20.55;2;1;Clover;10
20261011;203;3;4.01;1;0;Clover;10
20261011;204;1;3.47;1;0;Hare;10
20261011;205;2;1.17;4;0;Berries;10
20261011;206;3;1.02;3;1;Roots;10
20261011;207;3;3.28;4;1;Alpine Grass;10
20261011;208;4;0.29;5;1;Ptarmigan;10
20261011;209;2;22.45;2;1;Roots;10
20261012;201;1;0.98;2;1;Rabbit;5
20261012;202;3;9.11;0;1;Moss;5
20261012;203;3;4.08;0;1;Mushroom;5
20261012;204;1;1.7;2;1;Chamois Kid;5
20261012;205;2;1.78;1;1;Beetle;5
20261012;206;3;0.93;4;1;Roots;5
20261012;207;3;10.81;1;1;Moss;5
20261012;208;4;0.76;2;0;Ptarmigan;5
20261012;209;2;17.53;0;0;Fish;5
20261013;201;1;0.92;2;1;Hare;5
20261013;202;3;11.46;3;1;Alpine Grass;5
20261013;203;3;2.63;0;1;Clover;5
20261013;204;1;1.71;4;0;Chamois Kid;5
20261013;205;2;0.95;5;1;Rabbit;5
20261013;206;3;1.03;3;0;Seeds;5
20261013;207;3;4.99;5;1;Herbs;5
20261013;208;4;0.91;2;0;Hare;5
20261013;209;2;11.8;4;1;Roe Deer Fawn;5
20261014;201;1;1.78;1;0;Mouse;9
20261014;202;3;22.6;4;0;Bark;9
20261014;203;3;5.55;3;1;Clover;9
20261014;204;1;2.37;0;0;Marmot;9
20261014;205;2;1.69;4;1;Rabbit;9
20261014;206;3;1.38;2;1;Seeds;9
20261014;207;3;10.07;0;1;Herbs;9
20261014;208;4;0.33;4;1;Hare;9
20261014;209;2;12.12;2;1;Honey;9
20261015;201;1;0.62;4;1;Grouse;6
20261015;202;3;17.93;3;0;Clover;6
20261015;203;3;6.43;3;0;Mushroom;6
20261015;204;1;3.4;2;0;Grouse;6
20261015;205;2;0.93;5;0;Acorns;6
20261015;206;3;0.57;3;1;Roots;6
20261015;207;3;4.72;4;1;Alpine Grass;6
20261015;208;4;0.49;5;1;Hare;6
20261015;209;2;20.58;0;1;Roe Deer Fawn;6
20261016;201;1;1.46;1;1;Vole;8
20261016;202;3;14.67;0;1;Lichen;8
20261016;203;3;2.07;3;0;Grass;8
20261016;204;1;2.3;5;1;Hare;8
20261016;205;2;1.58;1;1;Earthworm;8
20261016;206;3;0.13;4;1;Seeds;8
20261016;207;3;4.29;4;1;Moss;8
20261016;208;4;0.94;1;1;Grouse;8
20261016;209;2;6.35;0;1;Roots;8
20261017;201;1;1.9;5;1;Vole;5
20261017;202;3;11.89;0;0;Lichen;5
20261017;203;3;7.08;0;1;Berries;5
20261017;204;1;4.45;5;1;Roe Deer Fawn;5
20261017;205;2;1.91;4;1;Beetle;5
20261017;206;3;0.25;5;1;Alpine Grass;5
20261017;207;3;11.72;3;1;Alpine Grass;5
20261017;208;4;0.58;1;0;Fish;5
20261017;209;2;24.96;0;0;Fish;5
20261018;201;1;2.22;4;1;Grouse;2
20261018;202;3;7.49;1;1;Bark;2
20261018;203;3;2.26;0;1;Acorns;2
20261018;204;1;3.8;0;1;Roe Deer Fawn;2
20261018;205;2;0.76;1;1;Earthworm;2
20261018;206;3;0.64;1;1;Clover;2
20261018;207;3;11.64;0;1;Herbs;2
20261018;208;4;0.97;4;1;Fish;2
20261018;209;2;17.32;5;0;Berries;2
20261019;201;1;1.45;5;1;Grouse;3
20261019;202;3;8.2;5;1;Lichen;3
20261019;203;3;4.39;4;0;Mushroom;3
20261019;204;1;4.8;2;1;Chamois Kid;3
20261019;205;2;0.53;4;1;Acorns;3
20261019;206;3;0.57;5;0;Seeds;3
20261019;207;3;10.03;5;1;Clover;3
20261019;208;4;0.61;1;1;Marmot;3
20261019;209;2;12.12;4;1;Fish;3
20261020;201;1;0.72;1;0;Vole;1
20261020;202;3;20.77;3;0;Lichen;1
20261020;203;3;2.01;0;0;Clover;1
20261020;204;1;3.19;1;0;Chamois Kid;1
20261020;205;2;0.45;5;1;Acorns;1
20261020;206;3;1.46;1;0;Dandelion;1
20261020;207;3;5.56;5;0;Alpine Grass;1
20261020;208;4;0.22;3;0;Grouse;1
20261020;209;2;14.73;1;1;Honey;1
20261021;201;1;1.94;3;1;Grouse;4
20261021;202;3;10.73;4;1;Clover;4
20261021;203;3;2.64;0;1;Berries;4
20261021;204;1;3.54;0;1;Roe Deer Fawn;4
20261021;205;2;0.95;0;1;Earthworm;4
20261021;206;3;1.38;5;1;Clover;4
20261021;207;3;4.41;1;1;Herbs;4
20261021;208;4;0.55;4;1;Hare;4
20261021;209;2;22.9;0;1;Fish;4
20261022;201;1;0.49;4;1;Mouse;3
20261022;202;3;9.17;0;1;Clover;3
20261022;203;3;4.97;3;1;Grass;3
20261022;204;1;3.25;5;0;Roe Deer Fawn;3
20261022;205;2;1;2;1;Berries;3
20261022;206;3;0.24;4;0;Alpine Grass;3
20261022;207;3;3.84;4;1;Moss;3
20261022;208;4;0.61;4;1;Grouse;3
20261022;209;2;19.29;5;0;Honey;3
20261023;201;1;2.18;4;1;Grouse;5
20261023;202;3;22.49;3;1;Alpine Grass;5
20261023;203;3;5.79;5;1;Grass;5
20261023;204;1;2.25;1;1;Hare;5
20261023;205;2;1.42;1;1;Berries;5
20261023;206;3;0.56;0;1;Seeds;5
20261023;207;3;5.16;4;1;Herbs;5
20261023;208;4;0.68;3;1;Grouse;5
20261023;209;2;20.97;3;1;Roots;5
20261024;201;1;1.78;1;0;Mouse;1
20261024;202;3;5.93;2;1;Moss;1
20261024;203;3;3.79;1;1;Mushroom;1
20261024;204;1;1.79;5;1;Grouse;1
20261024;205;2;1.55;1;1;Beetle;1
20261024;206;3;0.35;4;0;Roots;1
20261024;207;3;10.62;2;0;Clover;1
20261024;208;4;0.18;3;1;Grouse;1
20261024;209;2;28.71;3;0;Roe Deer Fawn;1
20261025;201;1;1.3;1;1;Hare;4
20261025;202;3;22.29;5;1;Alpine Grass;4
20261025;203;3;1.62;2;1;Clover;4
20261025;204;1;3.83;5;0;Grouse;4
20261025;205;2;1.08;5;1;Earthworm;4
20261025;206;3;0.3;2;1;Dandelion;4
20261025;207;3;8;4;1;Lichen;4
20261025;208;4;0.89;5;1;Fish;4
20261025;209;2;22.29;3;0;Roe Deer Fawn;4
20261026;201;1;1.42;1;1;Rabbit;1
20261026;202;3;20.11;4;0;Clover;1
20261026;203;3;2.57;2;1;Berries;1
20261026;204;1;4.33;2;1;Roe Deer Fawn;1
20261026;205;2;1.63;1;0;Berries;1
20261026;206;3;0.46;0;0;Alpine Grass;1
20261026;207;3;4.09;1;0;Moss;1
20261026;208;4;0.88;2;0;Ptarmigan;1
20261026;209;2;16.26;4;1;Honey;1
20261027;201;1;1.8;2;1;Rabbit;1
20261027;202;3;8.29;2;0;Bark;1
20261027;203;3;7.87;0;1;Clover;1
20261027;204;1;4.18;5;1;Chamois Kid;1
20261027;205;2;0.52;4;1;Earthworm;1
20261027;206;3;1.04;2;1;Seeds;1
20261027;207;3;5.24;2;1;Clover;1
20261027;208;4;0.25;0;0;Ptarmigan;1
20261027;209;2;7.97;0;0;Roe Deer Fawn;1
20261028;201;1;0.67;0;1;Grouse;6
20261028;202;3;10.33;0;0;Lichen;6
20261028;203;3;6.48;0;1;Acorns;6
20261028;204;1;2.52;1;1;Marmot;6
20261028;205;2;0.96;2;0;Acorns;6
20261028;206;3;1.19;1;1;Dandelion;6
20261028;207;3;3.38;4;1;Herbs;6
20261028;208;4;0.12;5;1;Grouse;6
20261028;209;2;18.73;4;0;Roots;6
20261029;201;1;0.79;2;0;Mouse;6
20261029;202;3;9.54;2;0;Clover;6
20261029;203;3;4.7;4;1;Clover;6
20261029;204;1;4.41;4;1;Grouse;6
20261029;205;2;1.83;4;1;Beetle;6
20261029;206;3;0.34;5;1;Alpine Grass;6
20261029;207;3;5.29;3;1;Clover;6
20261029;208;4;0.72;1;1;Hare;6
20261029;209;2;11;0;0;Roe Deer Fawn;6
20261030;201;1;1.82;3;1;Rabbit;1
20261030;202;3;10.28;3;1;Clover;1
20261030;203;3;7.36;1;0;Clover;1
20261030;204;1;4.9;3;1;Roe Deer Fawn;1
20261030;205;2;0.94;2;1;Acorns;1
20261030;206;3;0.17;5;1;Seeds;1
20261030;207;3;11.93;3;0;Alpine Grass;1
20261030;208;4;0.54;5;1;Ptarmigan;1
20261030;209;2;22.17;4;0;Berries;1
20261031;201;1;2.15;5;0;Rabbit;1
20261031;202;3;24.14;2;1;Moss;1
20261031;203;3;2.9;4;1;Acorns;1
20261031;204;1;1.46;4;1;Grouse;1
20261031;205;2;0.33;0;1;Acorns;1
20261031;206;3;0.38;2;1;Clover;1
20261031;207;3;10.74;4;0;Clover;1
20261031;208;4;0.73;2;0;Ptarmigan;1
20261031;209;2;23.77;0;1;Honey;1
20261101;201;1;1.08;0;1;Mouse;1
20261101;202;3;23.67;4;1;Moss;1
20261101;203;3;3.92;2;0;Clover;1
20261101;204;1;3.65;3;1;Hare;1
20261101;205;2;0.83;5;1;Beetle;1
20261101;206;3;0.15;4;0;Clover;1
20261101;207;3;11.99;5;1;Lichen;1
20261101;208;4;0.22;5;0;Hare;1
20261101;209;2;8.33;4;1;Roe Deer Fawn;1
20261102;201;1;1.41;1;1;Hare;1
20261102;202;3;16.06;2;1;Alpine Grass;1
20261102;203;3;2.69;0;1;Berries;1
20261102;204;1;4.73;2;0;Chamois Kid;1
20261102;205;2;0.59;0;1;Acorns;1
20261102;206;3;0.55;2;1;Roots;1
20261102;207;3;7.16;3;1;Clover;1
20261102;208;4;0.79;0;1;Fish;1
20261102;209;2;23.86;2;1;Honey;1
20261103;201;1;1.57;2;0;Grouse;7
20261103;202;3;10.38;4;1;Alpine Grass;7
20261103;203;3;7.33;1;1;Mushroom;7
20261103;204;1;1.18;5;1;Roe Deer Fawn;7
20261103;205;2;0.32;4;0;Beetle;7
20261103;206;3;1.12;1;1;Alpine Grass;7
20261103;207;3;3.17;1;0;Alpine Grass;7
20261103;208;4;0.92;4;1;Ptarmigan;7
20261103;209;2;20.78;3;1;Honey;7
20261104;201;1;0.31;0;1;Vole;5
20261104;202;3;24.49;3;1;Bark;5
20261104;203;3;4.93;4;0;Clover;5
20261104;204;1;4.37;4;1;Marmot;5
20261104;205;2;0.71;5;0;Rabbit;5
20261104;206;3;0.24;5;0;Seeds;5
20261104;207;3;10.1;0;0;Moss;5
20261104;208;4;0.12;1;1;Hare;5
20261104;209;2;9.54;3;0;Roots;5
20261105;201;1;0.9;4;1;Rabbit;7
20261105;202;3;10.86;2;1;Alpine Grass;7
20261105;203;3;7.83;0;0;Mushroom;7
20261105;204;1;4.52;2;1;Chamois Kid;7
20261105;205;2;0.27;2;0;Earthworm;7
20261105;206;3;1.29;1;1;Dandelion;7
20261105;207;3;9.42;4;0;Clover;7
20261105;208;4;0.87;5;0;Grouse;7
20261105;209;2;27.31;0;0;Berries;7
20261106;201;1;2.33;4;1;Rabbit;7
20261106;202;3;18.26;4;0;Bark;7
20261106;203;3;6.42;0;1;Mushroom;7
20261106;204;1;4.89;0;0;Grouse;7
20261106;205;2;1.43;4;0;Acorns;7
20261106;206;3;0.38;5;1;Alpine Grass;7
20261106;207;3;5.87;0;1;Moss;7
20261106;208;4;0.55;0;1;Hare;7
20261106;209;2;15.53;3;0;Honey;7
20261107;201;1;1.57;1;1;Grouse;8
20261107;202;3;15.16;5;1;Lichen;8
20261107;203;3;3.63;5;1;Clover;8
20261107;204;1;3.85;1;0;Grouse;8
20261107;205;2;0.77;2;0;Beetle;8
20261107;206;3;0.4;0;1;Roots;8
20261107;207;3;5.05;2;1;Clover;8
20261107;208;4;0.55;2;0;Marmot;8
20261107;209;2;20.77;0;0;Honey;8
20261108;201;1;0.33;4;1;Grouse;7
20261108;202;3;17.54;5;0;Alpine Grass;7
20261108;203;3;6.27;4;1;Berries;7
20261108;204;1;2.43;0;0;Roe Deer Fawn;7
20261108;205;2;0.7;3;1;Berries;7
20261108;206;3;0.94;3;0;Clover;7
20261108;207;3;5.94;0;1;Lichen;7
20261108;208;4;0.84;2;1;Marmot;7
20261108;209;2;21.69;2;0;Roots;7
20261109;201;1;1.22;3;0;Mouse;2
20261109;202;3;18.69;2;1;Bark;2
20261109;203;3;6.3;0;1;Clover;2
20261109;204;1;4.81;2;1;Marmot;2
20261109;205;2;1.83;0;1;Berries;2
20261109;206;3;1.08;3;1;Alpine Grass;2
20261109;207;3;9.61;1;0;Alpine Grass;2
20261109;208;4;0.74;5;1;Grouse;2
20261109;209;2;15.89;5;1;Roe Deer Fawn;2
20261110;201;1;1.34;5;0;Mouse;3
20261110;202;3;10.89;3;1;Lichen;3
20261110;203;3;4.21;5;0;Clover;3
20261110;204;1;2.72;4;1;Grouse;3
20261110;205;2;0.38;2;1;Acorns;3
20261110;206;3;0.13;2;1;Alpine Grass;3
20261110;207;3;7.45;1;1;Alpine Grass;3
20261110;208;4;0.61;4;0;Ptarmigan;3
20261110;209;2;18.6;2;1;Berries;3
20261111;201;1;0.96;2;1;Hare;3
20261111;202;3;17.97;1;1;Clover;3
20261111;203;3;2.32;1;0;Acorns;3
20261111;204;1;4.51;2;1;Grouse;3
20261111;205;2;0.22;1;1;Rabbit;3
20261111;206;3;1.42;5;0;Seeds;3
20261111;207;3;9.44;5;1;Herbs;3
20261111;208;4;0.63;3;0;Hare;3
20261111;209;2;12.13;4;1;Berries;3
20261112;201;1;0.84;2;0;Grouse;10
20261112;202;3;24.47;2;1;Moss;10
20261112;203;3;5.09;4;1;Berries;10
20261112;204;1;3.04;3;0;Hare;10
20261112;205;2;1.16;1;1;Beetle;10
20261112;206;3;0.38;0;1;Dandelion;10
20261112;207;3;8.42;3;1;Clover;10
20261112;208;4;0.84;1;0;Ptarmigan;10
20261112;209;2;17.31;0;1;Roe Deer Fawn;10
20261113;201;1;1.74;5;1;Vole;9
20261113;202;3;6.37;0;0;Clover;9
20261113;203;3;3.86;0;1;Mushroom;9
20261113;204;1;4.52;4;1;Chamois Kid;9
20261113;205;2;1.46;4;0;Berries;9
20261113;206;3;0.89;1;0;Seeds;9
20261113;207;3;9.28;5;0;Lichen;9
20261113;208;4;0.85;0;1;Grouse;9
20261113;209;2;11.03;3;1;Fish;9
20261114;201;1;0.71;0;1;Rabbit;10
20261114;202;3;9.83;1;1;Moss;10
20261114;203;3;3.66;5;1;Mushroom;10
20261114;204;1;1.67;4;1;Hare;10
20261114;205;2;0.65;1;1;Berries;10
20261114;206;3;1.12;2;0;Roots;10
20261114;207;3;9.62;3;1;Moss;10
20261114;208;4;0.3;3;0;Fish;10
20261114;209;2;5.79;2;1;Honey;10
20261115;201;1;0.59;1;0;Hare;4
20261115;202;3;7.88;2;1;Moss;4
20261115;203;3;5.74;3;0;Clover;4
20261115;204;1;1.88;5;1;Hare;4
20261115;205;2;1.47;1;1;Acorns;4
20261115;206;3;1.39;4;1;Roots;4
20261115;207;3;11.34;2;1;Moss;4
20261115;208;4;0.73;4;1;Hare;4
20261115;209;2;24.36;1;0;Roe Deer Fawn;4
20261116;201;1;2.17;3;0;Mouse;3
20261116;202;3;10.5;0;1;Alpine Grass;3
20261116;203;3;5.06;0;1;Mushroom;3
20261116;204;1;2.38;1;0;Marmot;3
20261116;205;2;1.36;2;1;Berries;3
20261116;206;3;0.36;5;1;Seeds;3
20261116;207;3;5.3;5;1;Herbs;3
20261116;208;4;0.93;1;0;Fish;3
20261116;209;2;15.71;1;1;Roots;3
20261117;201;1;1.77;3;1;Grouse;7
20261117;202;3;19.46;2;1;Bark;7
20261117;203;3;6.56;2;1;Berries;7
20261117;204;1;3.05;0;1;Marmot;7
20261117;205;2;0.79;0;1;Acorns;7
20261117;206;3;0.63;0;0;Clover;7
20261117;207;3;11.46;1;0;Herbs;7
20261117;208;4;0.83;2;0;Ptarmigan;7
20261117;209;2;19.72;0;1;Roots;7
20261118;201;1;1.95;2;1;Mouse;7
20261118;202;3;19.16;2;1;Clover;7
20261118;203;3;4.02;2;0;Grass;7
20261118;204;1;1.43;0;0;Grouse;7
20261118;205;2;1.61;1;1;Beetle;7
20261118;206;3;0.74;5;1;Alpine Grass;7
20261118;207;3;6.89;1;0;Clover;7
20261118;208;4;0.11;5;1;Marmot;7
20261118;209;2;28.3;0;1;Roots;7
20261119;201;1;1.36;4;1;Hare;6
20261119;202;3;22.31;3;1;Alpine Grass;6
20261119;203;3;5.67;4;1;Mushroom;6
20261119;204;1;3.47;4;1;Chamois Kid;6
20261119;205;2;1.03;1;1;Acorns;6
20261119;206;3;0.56;5;1;Alpine Grass;6
20261119;207;3;6.28;2;1;Alpine Grass;6
20261119;208;4;0.13;2;0;Ptarmigan;6
20261119;209;2;17.07;1;0;Roots;6
20261120;201;1;1.69;3;1;Hare;2
20261120;202;3;6.74;4;1;Bark;2
20261120;203;3;3.23;2;0;Berries;2
20261120;204;1;4.32;2;1;Marmot;2
20261120;205;2;1.42;1;1;Earthworm;2
20261120;206;3;0.61;2;1;Alpine Grass;2
20261120;207;3;10.38;0;0;Moss;2
20261120;208;4;0.85;2;0;Ptarmigan;2
20261120;209;2;10.31;1;1;Roots;2
20261121;201;1;0.96;1;0;Vole;5
20261121;202;3;9.54;0;1;Clover;5
20261121;203;3;4.22;1;1;Clover;5
20261121;204;1;4.17;4;0;Marmot;5
20261121;205;2;1.03;4;0;Earthworm;5
20261121;206;3;0.46;5;0;Dandelion;5
20261121;207;3;10.22;0;1;Alpine Grass;5
20261121;208;4;0.67;2;1;Grouse;5
20261121;209;2;11.32;1;1;Roe Deer Fawn;5
20261122;201;1;0.54;0;0;Rabbit;5
20261122;202;3;21.08;2;1;Clover;5
20261122;203;3;5.03;0;1;Clover;5
20261122;204;1;4.01;4;1;Hare;5
20261122;205;2;1.17;1;1;Earthworm;5
20261122;206;3;0.94;1;0;Clover;5
20261122;207;3;10.8;3;0;Lichen;5
20261122;208;4;0.35;5;1;Ptarmigan;5
20261122;209;2;9.61;1;1;Roots;5
20261123;201;1;1.52;2;1;Mouse;1
20261123;202;3;8.79;1;0;Alpine Grass;1
20261123;203;3;7.67;5;1;Grass;1
20261123;204;1;1.38;4;0;Grouse;1
20261123;205;2;1.59;4;1;Earthworm;1
20261123;206;3;1.38;4;0;Clover;1
20261123;207;3;5.27;0;1;Lichen;1
20261123;208;4;0.33;5;1;Hare;1
20261123;209;2;25.08;2;1;Roots;1
20261124;201;1;2.34;2;1;Vole;1
20261124;202;3;9.9;5;1;Lichen;1
20261124;203;3;3.8;1;0;Berries;1
20261124;204;1;3.02;2;1;Hare;1
20261124;205;2;1.3;0;1;Beetle;1
20261124;206;3;0.23;5;0;Seeds;1
20261124;207;3;7.88;4;1;Lichen;1
20261124;208;4;0.31;2;1;Grouse;1
20261124;209;2;11.83;5;1;Honey;1
20261125;201;1;2.39;4;1;Mouse;9
20261125;202;3;23.65;5;1;Lichen;9
20261125;203;3;1.7;4;1;Mushroom;9
20261125;204;1;4.64;1;1;Roe Deer Fawn;9
20261125;205;2;1.03;5;1;Beetle;9
20261125;206;3;0.62;3;1;Roots;9
20261125;207;3;5.84;1;1;Lichen;9
20261125;208;4;0.5;1;1;Ptarmigan;9
20261125;209;2;7.68;3;1;Honey;9
20261126;201;1;2.4;0;0;Mouse;2
20261126;202;3;7.38;3;0;Lichen;2
20261126;203;3;5.09;1;0;Grass;2
20261126;204;1;3.51;4;0;Grouse;2
20261126;205;2;0.41;3;1;Beetle;2
20261126;206;3;1.23;0;1;Roots;2
20261126;207;3;5.72;0;1;Alpine Grass;2
20261126;208;4;0.99;4;0;Ptarmigan;2
20261126;209;2;27.37;5;1;Roots;2
20261127;201;1;0.4;1;0;Mouse;9
20261127;202;3;15.35;4;1;Moss;9
20261127;203;3;3.69;4;1;Berries;9
20261127;204;1;3.61;5;0;Chamois Kid;9
20261127;205;2;0.59;1;1;Rabbit;9
20261127;206;3;0.3;5;0;Seeds;9
20261127;207;3;11.06;2;1;Herbs;9
20261127;208;4;0.72;2;1;Hare;9
20261127;209;2;11.37;0;0;Fish;9
20261128;201;1;2.26;1;0;Grouse;5
20261128;202;3;9.44;5;0;Lichen;5
20261128;203;3;5.36;2;1;Grass;5
20261128;204;1;2.18;4;1;Hare;5
20261128;205;2;0.8;4;0;Earthworm;5
20261128;206;3;0.54;2;0;Alpine Grass;5
20261128;207;3;10.9;0;1;Alpine Grass;5
20261128;208;4;0.18;1;1;Fish;5
20261128;209;2;25.2;4;0;Berries;5
20261129;201;1;1.54;5;1;Grouse;7
20261129;202;3;10.51;1;0;Bark;7
20261129;203;3;6.39;2;1;Clover;7
20261129;204;1;3.87;5;1;Grouse;7
20261129;205;2;0.36;0;1;Beetle;7
20261129;206;3;0.47;5;0;Roots;7
20261129;207;3;3.69;1;0;Moss;7
20261129;208;4;0.9;2;1;Hare;7
20261129;209;2;20.06;5;1;Roots;7
20261130;201;1;1.02;0;0;Grouse;2
20261130;202;3;6.63;0;1;Clover;2
20261130;203;3;2.3;2;1;Clover;2
20261130;204;1;4.82;4;1;Grouse;2
20261130;205;2;1.69;2;1;Berries;2
20261130;206;3;1.5;4;1;Alpine Grass;2
20261130;207;3;5.93;0;0;Herbs;2
20261130;208;4;0.39;2;1;Marmot;2
20261130;209;2;20.93;5;1;Berries;2
20261201;201;1;0.77;1;1;Rabbit;3
20261201;202;3;18.23;5;1;Bark;3
20261201;203;3;5.39;5;1;Acorns;3
20261201;204;1;2.82;4;1;Roe Deer Fawn;3
20261201;205;2;0.22;0;1;Earthworm;3
20261201;206;3;0.28;3;0;Roots;3
20261201;207;3;9.71;5;1;Moss;3
20261201;208;4;0.32;3;0;Fish;3
20261201;209;2;21.48;3;1;Berries;3
20261202;201;1;0.8;2;1;Grouse;8
20261202;202;3;8.06;4;0;Lichen;8
20261202;203;3;2.49;5;1;Clover;8
20261202;204;1;4.88;3;1;Chamois Kid;8
20261202;205;2;1.93;0;1;Earthworm;8
20261202;206;3;0.16;4;1;Clover;8
20261202;207;3;6.1;3;0;Herbs;8
20261202;208;4;0.78;0;1;Marmot;8
20261202;209;2;14.97;2;1;Roots;8
20261203;201;1;0.54;5;1;Grouse;8
20261203;202;3;9.3;3;0;Alpine Grass;8
20261203;203;3;4.4;1;1;Berries;8
20261203;204;1;4.02;4;1;Roe Deer Fawn;8
20261203;205;2;0.29;4;1;Berries;8
20261203;206;3;0.89;3;1;Seeds;8
20261203;207;3;5.59;5;0;Alpine Grass;8
20261203;208;4;0.54;4;1;Fish;8
20261203;209;2;27.57;2;1;Berries;8
20261204;201;1;0.75;4;0;Rabbit;7
20261204;202;3;9.21;5;1;Alpine Grass;7
20261204;203;3;4.08;0;1;Grass;7
20261204;204;1;1.36;2;1;Chamois Kid;7
20261204;205;2;0.43;1;1;Rabbit;7
20261204;206;3;0.49;3;1;Dandelion;7
20261204;207;3;3.88;3;1;Moss;7
20261204;208;4;0.16;3;0;Fish;7
20261204;209;2;13.02;2;1;Roe Deer Fawn;7
20261205;201;1;0.61;2;1;Vole;3
20261205;202;3;15.1;5;1;Moss;3
20261205;203;3;5.98;2;1;Acorns;3
20261205;204;1;3.05;4;0;Chamois Kid;3
20261205;205;2;1.47;1;1;Rabbit;3
20261205;206;3;0.99;2;1;Clover;3
20261205;207;3;8.36;0;1;Moss;3
20261205;208;4;0.6;0;1;Ptarmigan;3
20261205;209;2;28.37;0;1;Roe Deer Fawn;3
20261206;201;1;0.97;4;1;Rabbit;8
20261206;202;3;22.86;2;0;Clover;8
20261206;203;3;1.79;3;1;Mushroom;8
20261206;204;1;2.84;3;0;Chamois Kid;8
20261206;205;2;0.91;3;1;Berries;8
20261206;206;3;0.83;3;1;Alpine Grass;8
20261206;207;3;4.08;0;1;Moss;8
20261206;208;4;0.92;4;1;Grouse;8
20261206;209;2;17.09;3;1;Honey;8
20261207;201;1;2.32;4;0;Rabbit;9
20261207;202;3;24.24;3;1;Alpine Grass;9
20261207;203;3;6.3;0;1;Berries;9
20261207;204;1;1.89;3;1;Chamois Kid;9
20261207;205;2;0.42;1;1;Beetle;9
20261207;206;3;1.14;2;1;Seeds;9
20261207;207;3;6.4;2;0;Alpine Grass;9
20261207;208;4;0.96;2;1;Hare;9
20261207;209;2;19.24;2;1;Roe Deer Fawn;9
20261208;201;1;0.71;3;0;Grouse;7
20261208;202;3;22.49;2;1;Clover;7
20261208;203;3;3.25;4;0;Clover;7
20261208;204;1;3.02;2;1;Marmot;7
20261208;205;2;0.57;0;1;Acorns;7
20261208;206;3;0.49;0;1;Clover;7
20261208;207;3;6.96;1;0;Clover;7
20261208;208;4;0.28;5;1;Marmot;7
20261208;209;2;17.78;3;1;Roots;7
20261209;201;1;1.34;5;0;Grouse;8
20261209;202;3;14.84;0;1;Alpine Grass;8
20261209;203;3;1.73;2;0;Grass;8
20261209;204;1;3.21;2;1;Grouse;8
20261209;205;2;1.92;2;0;Acorns;8
20261209;206;3;1.1;2;1;Alpine Grass;8
20261209;207;3;9.18;0;0;Herbs;8
20261209;208;4;0.26;3;1;Ptarmigan;8
20261209;209;2;25.64;5;1;Berries;8
20261210;201;1;0.57;4;0;Grouse;5
20261210;202;3;10.68;2;1;Alpine Grass;5
20261210;203;3;7.77;3;1;Grass;5
20261210;204;1;1.38;3;0;Grouse;5
20261210;205;2;1.44;0;0;Earthworm;5
20261210;206;3;1.35;0;1;Seeds;5
20261210;207;3;9.3;4;1;Lichen;5
20261210;208;4;0.74;3;1;Grouse;5
20261210;209;2;11.16;3;1;Roots;5
20261211;201;1;2.47;2;0;Grouse;1
20261211;202;3;5.77;4;1;Moss;1
20261211;203;3;5.73;0;1;Acorns;1
20261211;204;1;3.18;0;1;Marmot;1
20261211;205;2;0.21;3;1;Beetle;1
20261211;206;3;0.45;1;1;Roots;1
20261211;207;3;4.71;2;1;Alpine Grass;1
20261211;208;4;0.94;0;1;Grouse;1
20261211;209;2;19.69;5;1;Honey;1
20261212;201;1;0.8;5;1;Vole;10
20261212;202;3;5.05;0;1;Lichen;10
20261212;203;3;7;1;1;Acorns;10
20261212;204;1;4.71;1;1;Grouse;10
20261212;205;2;0.67;4;1;Acorns;10
20261212;206;3;0.28;4;1;Clover;10
20261212;207;3;6.63;5;1;Lichen;10
20261212;208;4;0.34;0;1;Ptarmigan;10
20261212;209;2;12.82;4;1;Roots;10
20261213;201;1;1.04;1;0;Hare;6
20261213;202;3;13.25;2;0;Alpine Grass;6
20261213;203;3;3.39;0;1;Acorns;6
20261213;204;1;4.52;1;0;Grouse;6
20261213;205;2;1.31;5;1;Beetle;6
20261213;206;3;0.3;3;0;Dandelion;6
20261213;207;3;5.28;1;1;Lichen;6
20261213;208;4;0.95;2;0;Ptarmigan;6
20261213;209;2;10.25;1;1;Honey;6
20261214;201;1;0.9;4;1;Rabbit;6
20261214;202;3;8.78;0;1;Moss;6
20261214;203;3;6.92;2;1;Acorns;6
20261214;204;1;2.79;4;1;Chamois Kid;6
20261214;205;2;1.12;2;1;Earthworm;6
20261214;206;3;1.16;2;0;Seeds;6
20261214;207;3;9.76;0;1;Moss;6
20261214;208;4;0.42;2;1;Ptarmigan;6
20261214;209;2;18.15;2;0;Berries;6
20261215;201;1;2.02;5;1;Mouse;1
20261215;202;3;18.63;2;1;Bark;1
20261215;203;3;6.93;2;1;Grass;1
20261215;204;1;1.59;4;1;Roe Deer Fawn;1
20261215;205;2;1.02;4;1;Rabbit;1
20261215;206;3;1.24;4;0;Clover;1
20261215;207;3;3.33;2;1;Moss;1
20261215;208;4;0.44;0;1;Hare;1
20261215;209;2;22.94;1;1;Honey;1
20261216;201;1;1.94;0;0;Mouse;3
20261216;202;3;18.21;5;1;Alpine Grass;3
20261216;203;3;4.41;1;1;Mushroom;3
20261216;204;1;1.82;0;1;Hare;3
20261216;205;2;1.3;1;0;Acorns;3
20261216;206;3;0.48;1;0;Alpine Grass;3
20261216;207;3;3.7;3;1;Lichen;3
20261216;208;4;0.42;3;1;Fish;3
20261216;209;2;12.86;5;1;Roots;3
20261217;201;1;0.72;0;1;Rabbit;8
20261217;202;3;6.28;3;0;Moss;8
20261217;203;3;7.62;1;0;Grass;8
20261217;204;1;4.33;0;0;Marmot;8
20261217;205;2;1.27;5;1;Acorns;8
20261217;206;3;1.49;1;0;Alpine Grass;8
20261217;207;3;4.06;4;1;Clover;8
20261217;208;4;0.81;3;0;Hare;8
20261217;209;2;5.74;4;1;Berries;8
20261218;201;1;1.35;1;1;Vole;4
20261218;202;3;13.1;0;1;Moss;4
20261218;203;3;3.14;3;1;Mushroom;4
20261218;204;1;2.36;4;0;Chamois Kid;4
20261218;205;2;1.76;4;1;Earthworm;4
20261218;206;3;0.9;1;0;Seeds;4
20261218;207;3;11.01;5;1;Herbs;4
20261218;208;4;0.71;1;0;Grouse;4
20261218;209;2;29.16;1;0;Roots;4
20261219;201;1;2.01;3;0;Hare;8
20261219;202;3;15.06;5;0;Clover;8
20261219;203;3;4.75;2;1;Grass;8
20261219;204;1;1.42;0;1;Hare;8
20261219;205;2;0.24;4;0;Acorns;8
20261219;206;3;1.42;0;1;Seeds;8
20261219;207;3;6.94;0;0;Lichen;8
20261219;208;4;0.85;5;0;Ptarmigan;8
20261219;209;2;11.95;3;0;Fish;8
20261220;201;1;1.07;0;1;Grouse;8
20261220;202;3;14.47;2;1;Moss;8
20261220;203;3;6.37;3;0;Clover;8
20261220;204;1;1.77;5;1;Grouse;8
20261220;205;2;1.63;4;1;Earthworm;8
20261220;206;3;0.7;1;1;Roots;8
20261220;207;3;10.77;2;1;Clover;8
20261220;208;4;0.27;5;1;Marmot;8
20261220;209;2;23.49;4;1;Roots;8
20261221;201;1;2.47;2;1;Vole;8
20261221;202;3;6.01;4;1;Bark;8
20261221;203;3;3.22;3;1;Berries;8
20261221;204;1;3.6;2;1;Hare;8
20261221;205;2;0.51;2;0;Rabbit;8
20261221;206;3;0.92;0;0;Seeds;8
20261221;207;3;3.07;2;1;Herbs;8
20261221;208;4;0.11;2;1;Hare;8
20261221;209;2;24.75;1;1;Fish;8
20261222;201;1;2.2;2;1;Vole;9
20261222;202;3;23.11;3;1;Moss;9
20261222;203;3;6.88;3;1;Mushroom;9
20261222;204;1;3.41;3;0;Hare;9
20261222;205;2;0.45;0;1;Rabbit;9
20261222;206;3;0.11;0;1;Roots;9
20261222;207;3;7.13;5;1;Alpine Grass;9
20261222;208;4;0.68;4;1;Grouse;9
20261222;209;2;14.59;3;0;Roe Deer Fawn;9
20261223;201;1;1.45;4;1;Vole;6
20261223;202;3;5.63;1;1;Clover;6
20261223;203;3;2.21;2;1;Clover;6
20261223;204;1;3.76;3;0;Grouse;6
20261223;205;2;1.79;5;1;Berries;6
20261223;206;3;1.1;3;1;Seeds;6
20261223;207;3;8.99;0;0;Alpine Grass;6
20261223;208;4;0.79;2;0;Hare;6
20261223;209;2;13.49;0;1;Honey;6
20261224;201;1;0.86;5;1;Hare;4
20261224;202;3;14.58;2;1;Bark;4
20261224;203;3;7.9;5;0;Grass;4
20261224;204;1;4.02;3;1;Marmot;4
20261224;205;2;0.57;4;1;Berries;4
20261224;206;3;1.15;3;1;Alpine Grass;4
20261224;207;3;10.37;3;1;Clover;4
20261224;208;4;0.64;4;1;Marmot;4
20261224;209;2;19.8;3;1;Roe Deer Fawn;4
20261225;201;1;0.54;1;0;Rabbit;8
20261225;202;3;20.22;4;0;Bark;8
20261225;203;3;6.13;0;1;Grass;8
20261225;204;1;3.6;0;0;Marmot;8
20261225;205;2;1.55;3;1;Earthworm;8
20261225;206;3;1.3;5;1;Seeds;8
20261225;207;3;4.2;2;0;Clover;8
20261225;208;4;0.17;4;0;Fish;8
20261225;209;2;26.15;5;0;Honey;8
20261226;201;1;0.9;5;1;Grouse;7
20261226;202;3;8.6;0;1;Moss;7
20261226;203;3;2.3;5;1;Grass;7
20261226;204;1;2.4;5;1;Grouse;7
20261226;205;2;1.76;5;0;Beetle;7
20261226;206;3;0.82;1;1;Dandelion;7
20261226;207;3;10;5;1;Moss;7
20261226;208;4;0.2;2;1;Marmot;7
20261226;209;2;23.62;0;1;Roots;7
20261227;201;1;0.73;4;1;Mouse;9
20261227;202;3;6.84;0;1;Lichen;9
20261227;203;3;1.73;4;1;Grass;9
20261227;204;1;4.85;5;0;Grouse;9
20261227;205;2;0.51;1;1;Berries;9
20261227;206;3;0.56;0;0;Alpine Grass;9
20261227;207;3;10.42;3;1;Alpine Grass;9
20261227;208;4;0.69;3;0;Hare;9
20261227;209;2;11.5;0;1;Berries;9
20261228;201;1;0.6;2;0;Grouse;5
20261228;202;3;6.12;4;0;Bark;5
20261228;203;3;4.61;0;1;Acorns;5
20261228;204;1;1.76;3;1;Hare;5
20261228;205;2;0.24;3;0;Beetle;5
20261228;206;3;0.89;2;1;Clover;5
20261228;207;3;5.5;4;1;Clover;5
20261228;208;4;0.63;0;1;Hare;5
20261228;209;2;25.6;2;0;Roots;5
20261229;201;1;1.88;1;0;Vole;7
20261229;202;3;9.37;2;1;Clover;7
20261229;203;3;4.26;2;1;Berries;7
20261229;204;1;4.4;1;1;Hare;7
20261229;205;2;1.7;5;1;Acorns;7
20261229;206;3;1.47;3;0;Clover;7
20261229;207;3;9.78;2;1;Clover;7
20261229;208;4;0.22;5;1;Ptarmigan;7
20261229;209;2;7.33;5;0;Fish;7
20261230;201;1;0.68;2;0;Vole;9
20261230;202;3;6.4;5;1;Lichen;9
20261230;203;3;7.14;4;1;Berries;9
20261230;204;1;4.13;5;1;Chamois Kid;9
20261230;205;2;1.79;4;0;Earthworm;9
20261230;206;3;0.15;2;1;Roots;9
20261230;207;3;4.27;0;1;Moss;9
20261230;208;4;0.51;2;0;Fish;9
20261230;209;2;11.2;4;1;Honey;9
20261231;201;1;1.75;5;1;Grouse;7
20261231;202;3;20.92;5;1;Moss;7
20261231;203;3;6.85;2;1;Berries;7
20261231;204;1;1.9;1;0;Chamois Kid;7
20261231;205;2;0.61;4;1;Rabbit;7
20261231;206;3;0.32;0;1;Clover;7
20261231;207;3;9.58;0;1;Moss;7
20261231;208;4;0.88;0;0;Hare;7
20261231;209;2;26.02;4;0;Roots;7
